fecha,region,categoria,canal,cantidad,precio_unitario,metodo_pago,cliente_id,venta_total,descuento_porcentaje,descuento_monto,venta_neta,satisfaccion
2024-04-12,Valparaíso,Ropa,Tienda Física,5,116470.80620456826,Tarjeta Débito,1759,582354.0310228413,11.7981812521997,68707.1841095661,513646.84691327525,3.0
2024-12-14,Antofagasta,Ropa,Tienda Física,7,43510.201754567184,Tarjeta Débito,2590,304571.41228197026,13.309224908218505,40536.09426674486,264035.3180152254,5.0
2024-09-27,Metropolitana,Ropa,Tienda Física,2,116248.84215308733,Transferencia,4987,232497.68430617466,5.415959562564695,12591.980565921744,219905.7037402529,3.0
2024-04-16,Metropolitana,Electrónica,E-commerce,5,34853.660061156916,Tarjeta Débito,3768,174268.30030578456,5.231106684677922,9116.160706570492,165152.13959921408,4.0
2024-03-12,Metropolitana,Electrónica,E-commerce,3,51644.52346168986,Tarjeta Crédito,4088,154933.5703850696,8.730070998785607,13525.810695570046,141407.75968949954,4.0
2024-07-07,Metropolitana,Alimentos,Tienda Física,9,72495.6110037564,Efectivo,3115,652460.4990338077,6.487882838491529,42330.87274475059,610129.6262890571,3.0
2024-01-21,Metropolitana,Ropa,Tienda Física,6,141763.39820555036,Efectivo,1132,850580.3892333021,10.583844775702218,90024.10808901643,760556.2811442857,2.0
2024-04-12,Valparaíso,Electrónica,Tienda Física,3,140101.0565893046,Transferencia,2723,420303.16976791376,14.173489015067489,59571.623597035716,360731.54617087805,3.0
2024-05-01,Biobío,Alimentos,Tienda Física,7,34996.42193623173,Tarjeta Débito,3966,244974.95355362212,8.914797303340158,21839.02055325711,223135.933000365,3.0
2024-08-02,Metropolitana,Electrónica,E-commerce,4,56941.760980245555,Tarjeta Débito,1429,227767.04392098222,13.449503772726041,30633.53716517908,197133.50675580313,4.0
2024-11-26,Valparaíso,Ropa,E-commerce,3,26662.911325796988,Transferencia,3355,79988.73397739096,2.6616530129355134,2129.022547918199,77859.71142947277,2.0
2024-03-28,Metropolitana,Electrónica,E-commerce,8,78947.83650045708,Efectivo,3697,631582.6920036566,5.0024087451786645,31594.34781782575,599988.3441858309,3.0
2024-04-09,Metropolitana,Alimentos,E-commerce,4,71784.46985072666,Tarjeta Crédito,2197,287137.87940290663,6.685146434591842,19195.587707266037,267942.2916956406,3.0
2024-12-25,Valparaíso,Ropa,E-commerce,1,135610.2235553562,Tarjeta Débito,3459,135610.2235553562,5.304235396540856,7193.08547915139,128417.13807620482,3.0
2024-05-31,Araucanía,Electrónica,Tienda Física,6,139850.77977970554,Transferencia,1096,839104.6786782332,8.281471805150687,69490.21738043816,769614.4612977951,3.0
2024-05-10,Metropolitana,Alimentos,Tienda Física,1,60617.27169605735,Tarjeta Crédito,2706,60617.27169605735,0.0,0.0,60617.27169605735,5.0
2024-05-29,Valparaíso,Hogar,Tienda Física,5,76302.00173775347,Transferencia,2177,381510.0086887673,14.081895956965027,53723.84248896045,327786.16619980684,5.0
2024-11-04,Metropolitana,Hogar,Telefónico,7,134954.2561261893,Transferencia,2718,944679.7928833251,5.969521235989878,56392.86084827528,888286.9320350499,3.0
2024-09-14,Araucanía,Electrónica,Tienda Física,6,121972.63212303391,Transferencia,2265,731835.7927382034,11.064097767438003,80971.02760565978,650864.7651325436,5.0
2024-12-09,Biobío,Hogar,Tienda Física,2,5530.165144974145,Efectivo,2327,11060.33028994829,0.0,0.0,11060.33028994829,5.0
2024-10-20,Biobío,Electrónica,E-commerce,4,51408.63680661946,Efectivo,2308,205634.54722647785,9.514959391194441,19566.043662865923,186068.50356361194,4.0
2024-07-10,Metropolitana,Ropa,Telefónico,2,66157.26508073826,Transferencia,2050,132314.53016147652,14.384682123658125,19033.02456714015,113281.50559433637,
2024-10-03,Antofagasta,Alimentos,E-commerce,1,38308.8611340686,Tarjeta Débito,4473,38308.8611340686,1.4614508635462657,559.8651818585853,37748.99595221001,2.0
2024-06-09,Metropolitana,Ropa,Tienda Física,3,33937.88430491112,Tarjeta Crédito,2383,101813.65291473335,6.225191425370938,6338.094791104909,95475.55812362843,1.0
2024-11-09,Metropolitana,Electrónica,Tienda Física,3,10478.753456373552,Tarjeta Débito,4131,31436.260369120653,0.0,0.0,31436.260369120653,5.0
2024-01-22,Valparaíso,Electrónica,Tienda Física,7,98288.61013511528,Efectivo,3249,688020.270945807,7.12027850502229,48988.959462350416,639031.3114834565,1.0
2024-09-09,Metropolitana,Electrónica,Tienda Física,1,43063.99212005902,Tarjeta Crédito,3809,43063.99212005902,0.0,0.0,43063.99212005902,5.0
2024-08-23,Antofagasta,Hogar,Tienda Física,9,12590.340872540397,Transferencia,3921,113313.06785286358,5.295419686114933,6000.402502021309,107312.66535084226,1.0
2024-12-10,Araucanía,Alimentos,Tienda Física,6,38492.00002656923,Tarjeta Débito,1580,230952.00015941536,9.339352496313737,21569.421392174863,209382.57876724048,1.0
2024-02-18,Metropolitana,Electrónica,Telefónico,4,121277.52316123835,Tarjeta Débito,3417,485110.0926449534,,37733.45899701022,447376.6336479432,3.0
2024-02-28,Biobío,Alimentos,Tienda Física,3,128465.93133874926,Transferencia,1532,385397.7940162478,13.69905933890321,52795.87249310975,332601.92152313807,1.0
2024-06-18,Antofagasta,Alimentos,E-commerce,3,75044.60555302889,Tarjeta Débito,2175,225133.81665908667,11.04940813197755,24875.954245760553,200257.86241332613,5.0
2024-07-06,Antofagasta,Ropa,E-commerce,2,65330.2472092595,Efectivo,2125,130660.494418519,11.140907379757017,14556.764665099789,116103.7297534192,3.0
2024-09-27,Biobío,Alimentos,Tienda Física,2,146788.78555775835,Transferencia,1898,293577.5711155167,10.319106968813024,30294.583599853297,263282.98751566344,1.0
2024-07-08,Antofagasta,Ropa,E-commerce,5,34081.87564027014,Tarjeta Débito,3654,170409.3782013507,5.91850337229201,10085.684795548785,160323.6934058019,3.0
2024-06-23,Antofagasta,Ropa,Tienda Física,9,36227.09601391823,Transferencia,2469,326043.86412526405,9.450186837253552,30811.75433123856,295232.1097940255,4.0
2024-02-20,Araucanía,Ropa,Tienda Física,2,47320.74067027796,Tarjeta Crédito,3920,94641.48134055593,0.0,0.0,94641.48134055593,3.0
2024-12-29,Metropolitana,Ropa,E-commerce,2,30049.81115075766,Transferencia,2252,60099.62230151532,3.278886508920901,1970.5984075568028,58129.02389395852,5.0
2024-02-24,Valparaíso,Electrónica,Tienda Física,6,60008.01173960706,Tarjeta Débito,4196,360048.07043764234,14.995051897085165,53989.39501657822,306058.67542106414,4.0
2024-08-31,Araucanía,Hogar,Telefónico,2,137070.9629135143,Efectivo,1769,274141.9258270286,13.352292908460148,36604.23292131841,237537.69290571017,3.0
2024-11-15,Metropolitana,Hogar,Tienda Física,4,94225.43689114327,Transferencia,1833,376901.7475645731,13.93459054167116,52519.71526752631,324382.03229704674,5.0
2024-05-10,Araucanía,Ropa,E-commerce,6,64732.24954877823,Transferencia,4046,388393.4972926694,13.232263592464994,51393.2513377594,337000.24595490994,5.0
2024-11-02,Metropolitana,Electrónica,Tienda Física,5,140489.56521282616,Tarjeta Débito,2904,702447.8260641308,6.030416934309827,42360.532657662574,660087.2934064682,5.0
2024-05-14,Metropolitana,Deportes,Tienda Física,1,12027.313708994236,Efectivo,3985,12027.313708994236,0.0,0.0,12027.313708994236,2.0
2024-01-21,Valparaíso,Alimentos,Tienda Física,6,35490.045795769896,Efectivo,3283,212940.27477461938,7.2744825406479965,15490.303110487555,197449.97166413182,4.0
2024-11-24,Metropolitana,Hogar,E-commerce,1,87053.84773975505,Tarjeta Crédito,3209,87053.84773975505,3.208099993572045,2792.7744837432997,84261.07325601175,3.0
2024-06-15,Antofagasta,Electrónica,E-commerce,3,94255.13036301098,Tarjeta Crédito,1553,282765.3910890329,5.031216513564097,14226.539051115526,268538.8520379174,4.0
2024-09-30,Araucanía,Alimentos,E-commerce,5,10735.838451578906,Tarjeta Débito,3835,53679.19225789453,1.0474311135979986,562.2525612372754,53116.93969665725,5.0
2024-03-29,Araucanía,Alimentos,Tienda Física,5,63440.61989653417,Efectivo,4424,317203.09948267083,8.035101248781114,25487.59020770448,291715.5092749664,3.0
2024-11-11,Biobío,Alimentos,E-commerce,6,99127.32490047655,Efectivo,2091,594763.9494028593,6.086074023464926,36197.7742255415,558566.1751773178,5.0
2024-01-14,Metropolitana,Hogar,E-commerce,8,106220.22922849323,Tarjeta Crédito,2196,849761.8338279459,9.72793345301583,82664.26570390954,767097.5681240363,3.0
2024-08-29,Valparaíso,Hogar,E-commerce,5,97530.28586485905,Tarjeta Crédito,4914,487651.42932429526,11.771274885739018,57402.79022999812,430248.63909429713,1.0
2024-09-21,Biobío,Electrónica,Tienda Física,1,51481.66753233406,Tarjeta Débito,2660,51481.66753233406,0.0,0.0,51481.66753233406,2.0
2024-12-11,Valparaíso,Electrónica,E-commerce,5,18560.417921696877,Efectivo,4753,92802.08960848438,0.15198707405763068,141.04718066027596,92661.04242782411,4.0
2024-02-22,Metropolitana,Alimentos,E-commerce,3,66931.30473080344,Transferencia,1558,200793.91419241033,13.74505295038077,27599.229826888928,173194.68436552142,4.0
2024-12-05,Valparaíso,Alimentos,Tienda Física,4,23669.393418368043,Tarjeta Crédito,1260,94677.57367347217,0.0,0.0,94677.57367347217,5.0
2024-04-01,Valparaíso,Ropa,E-commerce,8,142405.43048549673,Tarjeta Débito,3264,1139243.4438839739,12.492171650908983,142316.24653171297,996927.1973522609,2.0
2024-09-20,Antofagasta,Alimentos,E-commerce,7,73899.77557328109,Efectivo,2840,517298.4290129676,14.385855957785052,74417.80686969048,442880.62214327714,2.0
2024-02-04,Antofagasta,Ropa,Tienda Física,5,51002.580281745795,Efectivo,2147,255012.90140872897,5.538982903937888,14125.121011865478,240887.7803968635,4.0
2024-07-24,Valparaíso,Ropa,Tienda Física,2,116114.09031224051,Tarjeta Crédito,1804,232228.18062448103,5.121798354165414,11894.259133132955,220333.92149134807,2.0
2024-03-21,Biobío,Hogar,Tienda Física,6,77202.54592442827,Tarjeta Débito,2185,463215.2755465696,11.613381138362126,53794.955440337464,409420.32010623213,2.0
2024-02-19,Araucanía,Deportes,E-commerce,6,49954.93348180526,Transferencia,3248,299729.60089083156,7.893524102222463,23659.22828781298,276070.3726030186,5.0
2024-12-25,Metropolitana,Electrónica,E-commerce,6,122735.32264666625,Tarjeta Crédito,4525,736411.9358799974,7.535010161057731,55488.71419579975,680923.2216841977,2.0
2024-01-02,Antofagasta,Deportes,Tienda Física,9,130737.06189516268,Tarjeta Débito,3449,1176633.5570564643,8.308870876937942,97764.96295054354,1078868.5941059208,5.0
2024-02-23,Araucanía,Alimentos,E-commerce,8,102586.18411185817,Efectivo,4533,820689.4728948653,7.697960578923642,63176.35209882296,757513.1207960424,5.0
2024-04-15,Valparaíso,Electrónica,E-commerce,8,11809.841249111758,Transferencia,1274,94478.72999289406,2.168112934508369,2048.4055653351743,92430.3244275589,3.0
2024-09-16,Valparaíso,Ropa,Tienda Física,1,87116.81762414715,Tarjeta Débito,1205,87116.81762414715,0.0,0.0,87116.81762414715,5.0
2024-11-05,Metropolitana,Alimentos,E-commerce,5,115677.76223960583,,4111,578388.8111980292,10.114364063015874,58500.3500643182,519888.461133711,2.0
2024-07-09,Valparaíso,Ropa,Telefónico,7,24792.936752119414,Tarjeta Débito,4344,173550.5572648359,9.401484472241325,16316.328692741836,157234.22857209406,2.0
2024-08-05,Metropolitana,Deportes,E-commerce,6,38157.258950767486,Tarjeta Débito,2723,228943.5537046049,10.124285513766562,23178.899042417685,205764.65466218724,5.0
2024-02-13,Araucanía,Deportes,E-commerce,5,132961.79023487977,Tarjeta Débito,1866,664808.9511743989,11.727136115004361,77963.05060895464,586845.9005654443,2.0
2024-06-10,Metropolitana,Hogar,Telefónico,8,7917.649668695735,Tarjeta Débito,1092,63341.19734956588,0.0,0.0,63341.19734956588,1.0
2024-07-20,Metropolitana,Hogar,E-commerce,3,114145.43498476651,Transferencia,2065,342436.3049542995,8.871305089711484,30378.569350430713,312057.73560386884,1.0
2024-09-26,Antofagasta,Deportes,Tienda Física,6,73697.12741459132,Tarjeta Crédito,4536,442182.7644875479,7.513076871421568,33221.53100812646,408961.23347942147,1.0
2024-12-16,Araucanía,Ropa,E-commerce,5,69781.96303174298,Transferencia,3426,348909.8151587149,6.6620053680874545,23244.3906156576,325665.4245430573,2.0
2024-10-30,Metropolitana,Electrónica,E-commerce,8,6028.99721175864,Tarjeta Débito,4178,48231.97769406912,2.847559346722106,1373.4341889363866,46858.54350513274,2.0
2024-09-27,Metropolitana,Electrónica,E-commerce,4,123812.74349014145,Transferencia,2351,495250.9739605658,8.494741195326256,42070.28850528269,453180.68545528315,5.0
2024-08-02,Metropolitana,Ropa,Tienda Física,8,57174.61059230214,Transferencia,3112,457396.8847384171,12.41806475246172,56799.84132255934,400597.04341585777,4.0
2024-09-08,Biobío,Deportes,E-commerce,2,83411.01653857873,Transferencia,1364,166822.03307715745,12.567049101114696,20964.606808284178,145857.42626887327,2.0
2024-07-08,Metropolitana,Alimentos,Tienda Física,9,103208.59951867061,Tarjeta Débito,1820,928877.3956680355,11.669053866842102,108391.20365742312,820486.1920106123,2.0
2024-10-22,Valparaíso,Ropa,Telefónico,9,106881.2885834978,Transferencia,2507,961931.5972514801,7.340281753068746,70608.48951005313,891323.1077414269,3.0
2024-07-31,Antofagasta,Electrónica,Tienda Física,6,143617.10852978047,Efectivo,4718,861702.6511786828,10.880862458546977,93760.6802764053,767941.9709022775,4.0
2024-07-26,Metropolitana,Hogar,Tienda Física,4,82044.29321930833,Tarjeta Débito,3029,328177.1728772333,10.70689661576848,35137.59061651716,293039.5822607161,1.0
2024-08-24,Antofagasta,Alimentos,Tienda Física,4,62959.334891292,Transferencia,2924,251837.339565168,9.842661981097255,24787.498075587584,227049.8414895804,2.0
2024-12-03,Antofagasta,Electrónica,Tienda Física,6,143287.02584129764,Efectivo,4095,859722.1550477858,10.499789863838643,90269.01969288256,769453.1353549033,1.0
2024-02-22,Metropolitana,Hogar,E-commerce,5,98105.98407870057,Transferencia,3587,490529.9203935028,9.91790632623668,48650.29800679097,441879.6223867118,4.0
2024-10-06,Antofagasta,Electrónica,Telefónico,6,48231.801660100566,Tarjeta Crédito,2085,289390.80996060336,10.654563660741083,30833.32807558673,258557.48188501663,5.0
2024-08-04,Valparaíso,Ropa,E-commerce,7,23337.31558351782,Transferencia,3538,163361.20908462472,12.155059546211287,19856.652239646857,143504.55684497787,5.0
2024-09-08,Antofagasta,Deportes,Tienda Física,7,127170.4027124513,Transferencia,2296,890192.8189871591,6.096281944034398,54268.66409100499,835924.1548961541,2.0
2024-07-06,Biobío,Hogar,Tienda Física,9,57516.332405151974,Tarjeta Crédito,3276,2995760.206307581,12.496257521490238,64686.501128377175,3727152.160645915,3.0
2024-02-10,Biobío,Ropa,E-commerce,8,100768.10959784251,Tarjeta Débito,2043,806144.8767827401,6.358861501275942,51261.63621424604,754883.2405684941,1.0
2024-06-05,Valparaíso,Ropa,Telefónico,6,73268.38080805523,Tarjeta Crédito,1002,439610.28484833136,5.666279984103747,24909.54957842247,414700.7352699089,2.0
2024-01-15,Araucanía,Deportes,Tienda Física,6,33844.818070280555,Tarjeta Débito,4492,203068.90842168333,14.760796862214676,29974.589062441428,173094.3193592419,3.0
2024-10-27,Araucanía,Electrónica,Tienda Física,5,92244.55824996743,Tarjeta Crédito,2753,461222.79124983714,14.569917688704415,67199.78104664625,394023.0102031909,1.0
2024-03-05,Valparaíso,Ropa,Tienda Física,1,13799.044997848936,Transferencia,1910,13799.044997848936,0.0,0.0,13799.044997848936,4.0
2024-12-10,Araucanía,Hogar,E-commerce,9,64934.65668132287,Transferencia,1306,584411.9101319058,5.60436544940564,32752.57917364407,551659.3309582617,5.0
2024-11-22,Metropolitana,Alimentos,E-commerce,9,84259.1662512323,Tarjeta Débito,3479,758332.4962610906,9.432534414749622,71529.97368805726,686802.5225730333,4.0
2024-01-09,Metropolitana,Ropa,Tienda Física,9,68226.81124719397,Tarjeta Débito,1135,614041.3012247457,6.862449382997747,42138.2734872489,571903.0277374968,1.0
2024-12-09,Metropolitana,Electrónica,Tienda Física,8,113557.46541139367,Efectivo,2932,908459.7232911494,9.85344897134418,89514.61525970795,818945.1080314415,2.0
2024-05-08,Metropolitana,Ropa,E-commerce,3,125049.1184090703,Efectivo,3562,375147.3552272109,13.301772429995873,49901.24746947182,325246.1077577391,2.0
2024-05-15,Metropolitana,Alimentos,Tienda Física,1,116830.24573481081,Transferencia,3240,116830.24573481081,14.506117747428902,16947.533010902192,99882.71272390863,2.0
2024-03-03,Antofagasta,Electrónica,Tienda Física,8,10627.877432711306,Transferencia,2608,85023.01946169045,0.0,0.0,85023.01946169045,5.0
2024-05-18,Metropolitana,Alimentos,E-commerce,7,33148.67171466597,Efectivo,2438,232040.7020026618,11.342526534515374,26319.27819552766,205721.42380713415,4.0
2024-03-21,Biobío,Electrónica,Tienda Física,5,82808.08884324727,Efectivo,1872,414040.44421623636,8.539056672118171,35355.14817711424,378685.2960391221,1.0
2024-06-11,Metropolitana,Ropa,Tienda Física,7,140549.19586435118,Tarjeta Débito,2141,983844.3710504582,11.033255656445984,108550.0647195501,875294.3063309081,1.0
2024-10-15,Antofagasta,Hogar,E-commerce,4,126068.73238255695,Tarjeta Crédito,1665,504274.9295302278,8.120013061084503,40947.190141629166,463327.7393885986,2.0
2024-09-17,Antofagasta,Alimentos,E-commerce,9,127167.50371101125,Tarjeta Débito,1208,1144507.533399101,14.098236408320604,161355.3777696442,983152.155629457,3.0
2024-08-18,Valparaíso,Hogar,E-commerce,2,48965.18809515286,Efectivo,1951,97930.37619030572,4.383026391852992,4292.314234062018,93638.0619562437,2.0
2024-02-10,Araucanía,Alimentos,E-commerce,9,67269.94507641188,Transferencia,2057,605429.5056877069,13.70400463105837,82968.08749723714,522461.41819046973,2.0
2024-01-28,Metropolitana,Alimentos,E-commerce,9,73252.36236081092,Efectivo,1648,659271.2612472982,10.58231750279661,69766.1780698808,589505.0831774174,4.0
2024-05-14,Araucanía,Ropa,E-commerce,5,27818.87958573701,Transferencia,2341,139094.39792868504,8.247989153803605,11472.490854706368,127621.90707397867,1.0
2024-07-19,Metropolitana,Alimentos,Tienda Física,1,9504.878885446165,Transferencia,3167,9504.878885446165,0.0,0.0,9504.878885446165,3.0
2024-11-23,Antofagasta,Alimentos,E-commerce,7,142300.92042177494,Transferencia,1626,996106.4429524245,7.9338967558297835,79030.05676201386,917076.3861904107,1.0
2024-09-24,Metropolitana,Electrónica,Telefónico,4,39903.32492120848,Transferencia,1524,159613.2996848339,5.334179947050595,8514.060624614182,151099.23906021973,5.0
2024-02-02,Biobío,Hogar,Tienda Física,9,39792.59103992654,Tarjeta Crédito,2604,358133.31935933884,13.158208510252953,47123.92890599191,311009.39045334695,4.0
2024-02-17,Araucanía,Deportes,Tienda Física,6,17089.962796470132,Efectivo,2868,102539.77677882079,9.50383213039008,9745.208251935836,92794.56852688495,5.0
2024-03-02,Metropolitana,Electrónica,Tienda Física,3,139633.6240318479,Tarjeta Débito,1768,418900.87209554366,8.251329284002644,34564.89033016205,384335.9817653816,1.0
2024-08-03,Metropolitana,Alimentos,Tienda Física,6,89061.88166626694,Transferencia,4160,534371.2899976016,9.711103549977539,51893.34931301786,482477.9406845838,1.0
2024-10-19,Metropolitana,Deportes,Tienda Física,6,101720.34428317631,Transferencia,3559,610322.0656990579,13.18737990454652,80485.48944501077,529836.5762540471,4.0
2024-04-08,Metropolitana,Electrónica,E-commerce,5,137178.64865314262,Tarjeta Débito,3094,685893.2432657131,6.246142077075212,42841.86647143555,643051.3767942776,3.0
2024-06-20,Biobío,Ropa,Telefónico,2,55114.92449061448,Tarjeta Débito,1771,110229.84898122896,13.576559882418273,14965.421455235779,95264.42752599319,2.0
2024-12-25,Metropolitana,Ropa,Tienda Física,2,95118.56011502219,Transferencia,1739,190237.12023004438,13.97508835108354,26585.80562870572,163651.31460133867,2.0
2024-08-01,Valparaíso,Ropa,Tienda Física,7,10625.920935688682,Tarjeta Débito,4763,74381.44654982077,0.0,0.0,74381.44654982077,3.0
2024-02-04,Metropolitana,Electrónica,Tienda Física,2,32082.016593513752,Tarjeta Débito,1521,64164.033187027504,0.0,0.0,64164.033187027504,2.0
2024-08-14,Araucanía,Electrónica,E-commerce,6,125530.64173804167,Tarjeta Crédito,4355,753183.85042825,14.467079150338883,108963.70378902495,644220.1466392251,3.0
2024-04-10,Metropolitana,Ropa,Tienda Física,5,116181.41166905868,Tarjeta Débito,2400,580907.0583452934,8.974879924226277,52135.710957845164,528771.3473874482,3.0
2024-05-10,Metropolitana,Alimentos,Tienda Física,4,55843.1902612863,Efectivo,4709,223372.7610451452,,16018.963210692576,207353.79783445262,2.0
2024-09-13,Metropolitana,Alimentos,Tienda Física,7,59637.54102726081,Efectivo,3181,417462.7871908257,8.736408184666985,36471.25310807821,380991.5340827475,2.0
2024-01-05,Valparaíso,Ropa,Tienda Física,8,82365.39286526902,Efectivo,4738,658923.1429221522,8.329120962314033,54882.50562266743,604040.6372994848,4.0
2024-08-05,Araucanía,Electrónica,Tienda Física,4,5034.94567934451,Transferencia,1247,20139.78271737804,0.0,0.0,20139.78271737804,4.0
2024-09-11,Valparaíso,Ropa,E-commerce,1,39980.42872551404,Efectivo,4723,39980.42872551404,4.6410839782379725,1855.525272010684,38124.90345350335,2.0
2024-12-24,Metropolitana,Electrónica,E-commerce,1,35193.61224819109,Tarjeta Crédito,2341,35193.61224819109,2.644026090783832,930.528290131467,34263.08395805963,3.0
2024-10-09,Araucanía,Deportes,E-commerce,1,41320.0272787157,Efectivo,3483,41320.0272787157,3.7690174188427243,1557.35902560536,39762.66825311034,4.0
2024-07-25,Araucanía,Alimentos,Tienda Física,1,121856.347167349,Transferencia,4247,121856.347167349,6.761539125028601,8239.364590050984,113616.98257729801,1.0
2024-01-15,Metropolitana,Alimentos,E-commerce,5,45552.70919923426,Tarjeta Crédito,2858,227763.5459961713,11.07266670101488,25219.49831456877,202544.04768160253,4.0
2024-12-11,Araucanía,Deportes,E-commerce,4,32770.591697271484,Efectivo,1685,131082.36678908594,9.76624160508629,12801.820642287525,118280.54614679841,3.0
2024-02-11,Antofagasta,Electrónica,Tienda Física,9,78118.20181498957,Tarjeta Crédito,1585,703063.8163349062,13.657009923240036,96017.49516356822,607046.321171338,4.0
2024-06-27,Metropolitana,Alimentos,E-commerce,3,130518.53027404613,Tarjeta Crédito,3398,391555.5908221384,5.321095804820582,20835.048116777252,370720.54270536115,2.0
2024-03-03,Araucanía,Hogar,Tienda Física,7,39995.70705643748,Transferencia,1142,279969.94939506234,11.438679275551262,32024.864579224355,247945.084815838,5.0
2024-12-17,Biobío,Deportes,E-commerce,8,16387.75520495581,Transferencia,1966,131102.0416396465,12.629488785115612,16557.51764593675,114544.52399370974,5.0
2024-08-18,Valparaíso,Hogar,Tienda Física,6,56678.68669820138,Tarjeta Crédito,3851,340072.1201892083,12.59486569188307,42831.62679336996,297240.49339583836,5.0
2024-08-28,Metropolitana,Alimentos,Telefónico,1,113409.51456192178,Efectivo,4469,113409.51456192178,13.860739670955251,15719.397575522065,97690.11698639972,1.0
2024-02-21,Metropolitana,Alimentos,Tienda Física,8,84850.12898074521,Transferencia,4695,678801.0318459617,12.29033742829494,83426.93728061648,595374.0945653452,2.0
2024-04-05,Araucanía,Electrónica,E-commerce,3,123435.03858828038,Tarjeta Crédito,1717,370305.11576484115,14.278100616476962,52872.53701686551,317432.57874797564,1.0
2024-08-09,Antofagasta,Hogar,E-commerce,8,144140.86140333893,Tarjeta Débito,1642,1153126.8912267115,8.326565998208915,96015.87164108685,1057111.0195856246,5.0
2024-08-18,Biobío,Alimentos,E-commerce,4,119936.05912898447,Tarjeta Débito,4440,479744.2365159379,10.032094167515432,48128.39357050684,431615.84294543107,3.0
2024-08-24,Valparaíso,Ropa,Tienda Física,8,92551.44643234424,Transferencia,3548,740411.5714587539,5.1407966328289065,38063.05313462721,702348.5183241267,3.0
2024-05-22,Biobío,Hogar,Tienda Física,1,76534.53026759517,Efectivo,4693,76534.53026759517,0.0,0.0,76534.53026759517,
2024-06-19,Biobío,Electrónica,E-commerce,3,10810.017520498666,Tarjeta Débito,1369,32430.052561496,2.1965163616399845,712.3314106017065,31717.721150894293,4.0
2024-01-29,Valparaíso,Electrónica,Tienda Física,6,147726.68692803598,Tarjeta Débito,4650,886360.1215682159,,44934.69887120747,841425.4226970085,3.0
2024-02-05,Metropolitana,Alimentos,Tienda Física,9,60604.76277338117,Tarjeta Débito,4453,545442.8649604305,7.401266204515199,40369.678429255815,505073.1865311747,2.0
2024-01-13,Araucanía,Ropa,E-commerce,2,27073.091017945688,Efectivo,2109,54146.182035891376,3.730410782864465,2019.8750131763138,52126.30702271506,2.0
2024-06-08,Valparaíso,Electrónica,E-commerce,1,101672.78403248623,Efectivo,1786,101672.78403248623,6.008071971390852,6108.574039988559,95564.20999249768,3.0
2024-11-22,Araucanía,Hogar,Tienda Física,3,46221.8019188416,Transferencia,3786,138665.4057565248,7.602113679357537,10541.501779553404,128123.90397697139,4.0
2024-07-05,Metropolitana,Hogar,Tienda Física,4,89937.84928500191,Transferencia,2483,359751.39714000764,6.770432945283974,24356.72711308647,335394.6700269212,3.0
2024-08-30,Metropolitana,Electrónica,Tienda Física,5,90081.34663746573,Tarjeta Débito,1949,450406.7331873287,5.285200248386483,23804.897781166135,426601.83540616254,3.0
2024-03-26,Metropolitana,Hogar,E-commerce,3,69630.82403091603,Efectivo,2348,208892.4720927481,14.093041464060494,29439.302707331983,179453.1693854161,3.0
2024-10-10,Valparaíso,Hogar,E-commerce,2,126237.19925403118,Tarjeta Crédito,1521,2521361.6002575313,5.082231313888915,12831.332940529433,1366964.099523421,2.0
2024-03-06,Antofagasta,Hogar,E-commerce,2,43420.22392553924,Tarjeta Débito,3536,86840.44785107848,1.0240076246958347,889.2528073150538,85951.19504376342,1.0
2024-06-18,Metropolitana,Alimentos,Telefónico,7,70051.72578457146,Transferencia,2952,490362.0804920002,12.360821443370854,60612.78119561461,429749.2992963856,5.0
2024-02-14,Araucanía,Electrónica,Tienda Física,9,82965.35864569087,Efectivo,3444,746688.2278112178,6.521478869195166,48695.114995476426,697993.1128157413,1.0
2024-03-02,Valparaíso,Ropa,Tienda Física,2,101225.58451125845,Transferencia,3943,202451.1690225169,14.122296219996,28590.753790204617,173860.41523231228,2.0
2024-05-13,Araucanía,Ropa,Tienda Física,7,118675.91832331047,Transferencia,1354,830731.4282631733,13.927959395898858,115703.93601746544,715027.4922457079,2.0
2024-10-10,Metropolitana,Ropa,Tienda Física,7,62247.05601734713,Efectivo,1946,435729.3921214299,11.539011463692574,50278.86450756977,385450.52761386015,2.0
2024-01-28,Araucanía,Ropa,Telefónico,7,98676.80689400643,Tarjeta Débito,3335,690737.648258045,11.722341498006053,80970.62598410388,609767.0222739411,2.0
2024-04-17,Araucanía,Ropa,E-commerce,3,26838.588194935273,Efectivo,2482,80515.76458480582,1.855323674017657,1493.8280416582268,79021.93654314759,5.0
2024-02-13,Metropolitana,Alimentos,Tienda Física,7,140233.9745786594,Tarjeta Débito,2647,981637.8220506158,5.053391419696886,49606.0014720052,932031.8205786106,2.0
2024-12-05,Metropolitana,Ropa,Tienda Física,1,60543.52693104551,Transferencia,4045,60543.52693104551,0.0,0.0,60543.52693104551,4.0
2024-10-12,Araucanía,Ropa,E-commerce,1,110780.60618658358,Efectivo,1535,110780.60618658358,14.848715661136021,16449.497220328656,94331.10896625492,4.0
2024-11-26,Antofagasta,Alimentos,E-commerce,5,7949.456872915759,Tarjeta Crédito,2314,39747.284364578794,3.1711399940680742,1260.4420310411247,38486.84233353767,3.0
2024-05-07,Metropolitana,Ropa,Tienda Física,2,34752.13572119702,Tarjeta Débito,3898,69504.27144239403,0.0,0.0,69504.27144239403,1.0
2024-12-13,Araucanía,Hogar,Telefónico,9,75626.96892691881,Tarjeta Crédito,3885,680642.7203422693,13.778326035758145,93781.17314741139,586861.5471948578,3.0
2024-08-18,Antofagasta,Electrónica,E-commerce,7,132346.60782119026,Tarjeta Débito,3215,926426.2547483318,13.95106225730092,129246.303567921,797179.9511804108,4.0
2024-07-08,Araucanía,Electrónica,Tienda Física,4,81451.99674284819,Efectivo,1949,325807.98697139276,11.59244537050872,37769.112902412875,288038.8740689799,4.0
2024-08-12,Antofagasta,Alimentos,E-commerce,4,139831.21993261247,Tarjeta Crédito,1620,559324.8797304499,8.447869286545366,47251.03472675548,512073.8450036944,3.0
2024-10-09,Araucanía,Alimentos,Tienda Física,2,75150.55000450547,Efectivo,1427,150301.10000901093,13.936486490904809,20946.692498437136,129354.4075105738,2.0
2024-04-30,Valparaíso,Deportes,Telefónico,5,76115.11902671274,Tarjeta Débito,2725,380575.5951335637,7.915169281511924,30123.20259894302,350452.39253462065,4.0
2024-04-25,Metropolitana,Ropa,Telefónico,4,22363.284332577125,Tarjeta Débito,3537,89453.1373303085,0.0,0.0,89453.1373303085,2.0
2024-08-20,Metropolitana,Ropa,E-commerce,1,121385.15540207188,Tarjeta Débito,3402,121385.15540207188,10.627115433422029,12899.740583616893,108485.41481845498,2.0
2024-09-15,Biobío,Electrónica,E-commerce,8,40809.98480772406,Tarjeta Débito,3243,326479.8784617925,5.997309723438824,19580.009496060335,306899.86896573217,4.0
2024-12-24,Araucanía,Ropa,Tienda Física,3,135443.8109589857,Transferencia,1544,406331.4328769571,14.219556301327502,57778.526867929686,348552.90600902744,1.0
2024-07-16,Metropolitana,Ropa,Telefónico,6,137069.51194790745,Tarjeta Débito,3764,822417.0716874447,6.407704577712133,52698.05635040246,769719.0153370423,2.0
2024-05-16,Araucanía,Deportes,E-commerce,4,141779.9662217517,Tarjeta Crédito,1823,567119.8648870068,7.248968057304072,41110.33785228514,526009.5270347217,2.0
2024-11-13,Biobío,Electrónica,E-commerce,9,80433.42091994805,Tarjeta Débito,3979,723900.7882795325,10.58134158128215,76598.41511745143,647302.373162081,3.0
2024-06-13,Biobío,Ropa,Telefónico,7,103178.59879362844,Efectivo,4765,722250.1915553991,12.640930002129815,91299.1411547665,630951.0504006326,2.0
2024-08-12,Valparaíso,Ropa,Telefónico,9,117884.8026089412,Transferencia,2002,1060963.2234804707,11.193513059362989,118759.05697532502,942204.1665051457,5.0
2024-11-02,Valparaíso,Ropa,E-commerce,3,23997.119704317513,Tarjeta Crédito,1658,71991.35911295254,0.09078982803539415,65.36083113899268,71925.99828181355,1.0
2024-08-21,Metropolitana,Ropa,Tienda Física,1,92138.7932746371,Transferencia,3986,92138.7932746371,0.0,0.0,92138.7932746371,5.0
2024-06-20,Metropolitana,Alimentos,Telefónico,5,9973.195688980191,Transferencia,3827,49865.97844490096,,0.0,49865.97844490096,4.0
2024-05-31,Metropolitana,Electrónica,E-commerce,3,77147.08209136526,Transferencia,3058,231441.24627409579,7.321339128001561,16944.59852179983,214496.64775229595,1.0
2024-11-10,Metropolitana,Alimentos,Telefónico,6,27452.188834932975,Efectivo,4653,164713.13300959783,5.009430425274903,8251.189799406315,156461.94321019153,4.0
2024-06-08,Valparaíso,Ropa,E-commerce,8,31523.824264502284,Transferencia,4327,252190.59411601827,12.571505803074391,31704.155174103016,220486.43894191526,3.0
2024-04-05,Valparaíso,Alimentos,Tienda Física,4,57931.89717042722,Transferencia,3443,231727.58868170888,14.852073259110938,34416.351232578665,197311.23744913022,3.0
2024-08-20,Metropolitana,Alimentos,Tienda Física,5,67703.38917389294,Tarjeta Débito,1730,338516.94586946466,13.099131203060905,44342.77888403583,294174.16698542883,5.0
2024-06-28,Araucanía,Hogar,E-commerce,5,95360.00155716715,Efectivo,2832,476800.00778583577,9.602066181566153,45782.652301308524,431017.35548452724,4.0
2024-04-22,Metropolitana,Hogar,E-commerce,4,15792.120673584772,Tarjeta Crédito,1408,63168.48269433909,3.61230655169477,2281.839238973788,60886.6434553653,1.0
2024-11-13,Antofagasta,Deportes,Tienda Física,4,78035.30537942947,Tarjeta Crédito,3409,312141.2215177179,14.037672613991067,43817.36276996988,268323.858747748,5.0
2024-02-21,Antofagasta,Ropa,E-commerce,4,31480.64388669966,Tarjeta Crédito,4330,125922.57554679865,9.0984767311835,11457.036235432439,114465.53931136621,4.0
2024-09-24,Metropolitana,Deportes,Tienda Física,4,88226.40037960258,Efectivo,4074,352905.6015184103,10.249340842434675,36170.49795166619,316735.10356674413,4.0
2024-10-21,Valparaíso,Electrónica,E-commerce,4,97423.6687778716,Tarjeta Crédito,1083,389694.6751114864,9.771297673956832,38078.226724702305,351616.4483867841,1.0
2024-04-22,Metropolitana,Ropa,Tienda Física,5,85722.84220016381,Efectivo,3203,428614.21100081905,9.47623872665525,40616.505850807465,387997.7051500116,3.0
2024-04-10,Biobío,Alimentos,Tienda Física,2,112052.84901935462,Tarjeta Débito,4734,224105.69803870923,12.751907692939056,28577.751748512936,195527.9462901963,4.0
2024-04-22,Biobío,Deportes,Tienda Física,2,53663.340414930695,Tarjeta Débito,4247,107326.68082986139,10.267689072694921,11019.969879653832,96306.71095020756,5.0
2024-03-21,Metropolitana,Hogar,Tienda Física,9,115940.45578680398,Efectivo,1706,1043464.1020812358,8.167171220252161,85221.49983884134,958242.6022423945,5.0
2024-07-05,Biobío,Alimentos,Tienda Física,2,67751.22684768809,Tarjeta Crédito,2961,135502.45369537617,7.581581676584783,10273.22920069142,125229.22449468475,1.0
2024-04-22,Metropolitana,Ropa,Tienda Física,6,75206.75225677654,Efectivo,3519,451240.5135406592,5.377473169674333,24265.337546349627,426975.1759943096,2.0
2024-01-02,Metropolitana,Electrónica,Tienda Física,2,98974.80845285536,Efectivo,3666,197949.61690571072,10.831951618830459,21441.806732886824,176507.8101728239,1.0
2024-05-09,Biobío,Ropa,Telefónico,5,7661.965679887474,Transferencia,2447,38309.82839943737,0.0,0.0,38309.82839943737,3.0
2024-08-07,Metropolitana,Ropa,E-commerce,4,99829.162105936,Efectivo,1133,399316.648423744,,29148.574587659336,370168.0738360847,4.0
2024-02-23,Biobío,Deportes,Tienda Física,7,94694.84661545673,Transferencia,1787,662863.9263081971,6.4813392201638305,42962.459632131046,619901.466676066,5.0
2024-12-08,Valparaíso,Ropa,Telefónico,7,49927.83192922559,Tarjeta Débito,3954,349494.82350457914,11.538299638276776,40325.759956224916,309169.0635483542,2.0
2024-08-11,Antofagasta,Electrónica,Tienda Física,6,17440.171310425976,Transferencia,1863,104641.02786255586,11.812092578215488,12360.295085921362,92280.7327766345,5.0
2024-08-12,Metropolitana,Electrónica,E-commerce,5,18185.640237390966,Efectivo,4451,90928.20118695483,4.177677506340834,3798.6870079077516,87129.51417904708,2.0
2024-05-05,Valparaíso,Hogar,E-commerce,1,138867.44331285814,Tarjeta Débito,1666,138867.44331285814,12.52154892257666,17388.354851950942,121479.0884609072,2.0
2024-05-09,Biobío,Hogar,Tienda Física,3,104945.50157774639,Transferencia,1276,314836.5047332392,10.035768963385916,31596.264227427448,283240.24050581176,4.0
2024-02-22,Valparaíso,Alimentos,Tienda Física,9,23429.878996757358,Efectivo,4307,210868.9109708162,13.940546052038865,29396.27764331947,181472.63332749673,2.0
2024-06-20,Antofagasta,Hogar,Tienda Física,1,56724.85954979142,Tarjeta Débito,2775,56724.85954979142,0.0,0.0,56724.85954979142,2.0
2024-08-05,Biobío,Deportes,Tienda Física,5,90910.03411573148,Transferencia,1881,454550.1705786574,14.363427533982279,65288.98435665829,389261.1862219991,4.0
2024-06-08,Biobío,Deportes,E-commerce,2,126157.89723814407,Efectivo,3060,252315.79447628814,13.073709397924894,32987.03373489534,219328.7607413928,2.0
2024-07-16,Araucanía,Ropa,Tienda Física,4,11330.834663386237,Efectivo,3389,45323.338653544946,0.0,0.0,45323.338653544946,1.0
2024-09-03,Antofagasta,Deportes,Tienda Física,1,39311.804063151285,Tarjeta Crédito,3082,39311.804063151285,0.0,0.0,39311.804063151285,1.0
2024-11-19,Antofagasta,Alimentos,Tienda Física,3,134013.6035928301,Tarjeta Crédito,3606,402040.81077849027,11.355934820081872,45655.49242213405,356385.31835635623,5.0
2024-07-21,Biobío,Ropa,Tienda Física,7,6329.00477665339,Transferencia,2237,44303.03343657373,0.0,0.0,44303.03343657373,3.0
2024-07-02,Araucanía,Electrónica,E-commerce,3,34202.86990511367,Transferencia,4483,102608.60971534101,8.037209535911886,8246.868964707997,94361.740750633,1.0
2024-05-02,Metropolitana,Ropa,Tienda Física,4,144058.50551608007,Transferencia,3452,576234.0220643203,14.829449216202212,85452.33166850782,490781.69039581245,3.0
2024-09-11,Metropolitana,Ropa,E-commerce,2,93943.26774571481,Efectivo,4565,187886.53549142962,7.741361671919384,14544.976245230742,173341.55924619889,4.0
2024-10-20,Biobío,Alimentos,Tienda Física,3,42942.34816243844,,3705,128827.04448731532,7.02656921990431,9052.121454858132,119774.92303245718,2.0
2024-10-06,Metropolitana,Ropa,Tienda Física,9,14713.708687397902,Efectivo,1158,132423.37818658113,9.421541137865827,12476.323052000384,119947.05513458075,4.0
2024-11-20,Valparaíso,Alimentos,E-commerce,3,9087.744364847213,Transferencia,4003,27263.23309454164,1.995708305469757,544.0946072073469,26719.138487334294,
2024-04-07,Metropolitana,Ropa,Tienda Física,5,40488.03654735445,Efectivo,4708,202440.18273677226,5.568405707123885,11272.690689026449,191167.49204774582,3.0
2024-07-16,Metropolitana,Electrónica,E-commerce,2,132815.44384039202,Efectivo,2133,265630.88768078404,14.784944646717907,39273.379708189335,226357.5079725947,5.0
2024-08-27,Araucanía,Deportes,E-commerce,4,65307.47987313887,Tarjeta Crédito,3596,261229.9194925555,10.884335564164248,28433.14103156585,232796.77846098965,2.0
2024-05-23,Antofagasta,Ropa,Tienda Física,7,109448.33852906899,Tarjeta Débito,4860,766138.369703483,10.569520916641753,80977.15523622776,685161.2144672552,1.0
2024-04-06,Metropolitana,Hogar,Tienda Física,7,138151.33013009388,Efectivo,4597,967059.3109106572,11.557962798997199,111772.35539929241,855286.9555113647,3.0
2024-07-19,Valparaíso,Ropa,Tienda Física,3,64165.866932408404,Transferencia,4032,192497.6007972252,9.970236477772065,19192.466013520996,173305.1347837042,4.0
2024-05-03,Antofagasta,Electrónica,Tienda Física,5,32735.21880042257,Tarjeta Crédito,4418,163676.09400211286,5.320635170945415,8708.607823906097,154967.48617820677,2.0
2024-07-05,Metropolitana,Ropa,Tienda Física,1,79982.09997425333,Transferencia,4815,79982.09997425333,0.0,0.0,79982.09997425333,5.0
2024-11-21,Araucanía,Ropa,Tienda Física,1,136672.1346236789,Transferencia,2851,136672.1346236789,11.123112888403968,15202.19582118325,121469.93880249564,1.0
2024-12-14,Valparaíso,Hogar,Tienda Física,5,121634.29004996658,Efectivo,4707,608171.4502498329,12.161738769564305,73964.22305045542,534207.2271993775,5.0
2024-09-15,Metropolitana,Deportes,E-commerce,9,14545.3272876573,Efectivo,1278,130907.9455889157,9.16749060624053,12000.97361468631,118906.97197422938,4.0
2024-05-27,Antofagasta,Ropa,E-commerce,1,105423.05601124937,Tarjeta Débito,3526,105423.05601124937,12.57295572071193,13254.794151715718,92168.26185953365,
2024-09-08,Metropolitana,Electrónica,E-commerce,1,87925.1407565483,Efectivo,1110,839495.5906395303,2.2397120858858215,1969.2700040565323,449453.0793397474,4.0
2024-12-11,Biobío,Ropa,Tienda Física,4,136582.1605702317,Efectivo,4707,546328.6422809268,7.270012993384206,39718.1632804029,506610.4790005239,5.0
2024-05-26,Araucanía,Deportes,Tienda Física,4,22759.8054432931,Tarjeta Débito,4996,91039.2217731724,0.0,0.0,91039.2217731724,5.0
2024-05-27,Metropolitana,Electrónica,E-commerce,2,82435.23641467521,Transferencia,3478,164870.47282935042,7.21276591066184,11891.721260982378,152978.75156836802,5.0
2024-12-17,Biobío,Electrónica,E-commerce,9,132522.09055922437,Tarjeta Débito,1541,1192698.8150330193,6.6141698768757395,78887.12574576784,1113811.6892872513,5.0
2024-07-17,Antofagasta,Electrónica,E-commerce,9,64453.44907755274,Tarjeta Débito,2138,580081.0416979747,8.719947597891618,50582.76286136722,529498.2788366075,3.0
2024-11-03,Metropolitana,Electrónica,Tienda Física,2,74889.26307126573,Tarjeta Débito,4161,149778.52614253145,13.470120353890835,20175.347735682833,129603.17840684862,1.0
2024-05-07,Antofagasta,Alimentos,E-commerce,9,15216.798261708953,Tarjeta Crédito,4283,136951.18435538057,13.279120621490643,18185.912963111008,118765.27139226955,5.0
2024-02-08,Biobío,Alimentos,E-commerce,6,45330.82786509207,Transferencia,4621,271984.9671905524,8.828242079635038,24011.491323797898,247973.47586675448,1.0
2024-12-03,Biobío,Hogar,Tienda Física,8,52053.46412949736,Tarjeta Crédito,4666,416427.7130359789,10.891187359802366,45353.92244488861,371073.7905910903,1.0
2024-12-25,Biobío,Ropa,Tienda Física,4,142042.7550680086,Tarjeta Crédito,4610,568171.0202720345,12.208163164749156,69363.24520962997,498807.77506240446,1.0
2024-05-08,Metropolitana,Hogar,E-commerce,2,45986.76727846806,Efectivo,4800,91973.53455693612,4.256411061082655,3914.7716981501076,88058.76285878601,1.0
2024-09-23,Antofagasta,Deportes,Tienda Física,2,71825.96661409954,Tarjeta Débito,1359,143651.93322819908,7.41206774628023,10647.578609715358,133004.35461848372,2.0
2024-05-30,Antofagasta,Deportes,Tienda Física,9,102339.14141682057,Tarjeta Débito,4557,921052.2727513851,6.681410858947471,61539.28656819353,859512.9861831915,4.0
2024-10-24,Biobío,Hogar,E-commerce,1,28516.588999142223,Tarjeta Crédito,3419,28516.588999142223,3.878273176630167,1105.9512220436018,27410.637777098622,5.0
2024-04-08,Araucanía,Alimentos,Telefónico,7,75534.1461355718,Efectivo,2238,528739.0229490027,14.72095993212311,77835.4597138219,450903.5632351808,3.0
2024-09-19,Biobío,Alimentos,Tienda Física,3,112088.16072400661,,2756,336264.48217201984,11.175573132096185,37579.48312239862,298684.9990496212,3.0
2024-09-08,Valparaíso,Hogar,Tienda Física,3,130694.00588892457,Efectivo,4086,392082.0176667737,14.81415721833664,58083.6465219823,333998.37114479137,5.0
2024-05-23,Biobío,Electrónica,Tienda Física,2,95807.59482605188,Transferencia,1954,191615.18965210376,8.37755987132229,16052.677235652745,175562.512416451,2.0
2024-12-11,Biobío,Ropa,E-commerce,6,102012.75972095745,Tarjeta Crédito,3306,612076.5583257447,12.030316999741315,73634.75024769362,538441.8080780511,3.0
2024-04-21,Biobío,Alimentos,Tienda Física,2,23311.1035247625,Transferencia,3825,46622.207049525,0.0,0.0,46622.207049525,1.0
2024-02-29,Araucanía,Deportes,Telefónico,4,142137.59210072033,Efectivo,4534,568550.3684028813,7.226036365412377,41083.65637647825,527466.712026403,3.0
2024-01-02,Valparaíso,Alimentos,Tienda Física,9,24223.24123524994,Efectivo,3167,218009.17111724947,7.612001712739129,16594.861839373407,201414.30927787605,5.0
2024-10-30,Metropolitana,Alimentos,Tienda Física,9,117327.57589136076,Efectivo,1975,1055948.1830222467,10.11902121269624,106851.62063510164,949096.562387145,1.0
2024-09-10,Metropolitana,Ropa,E-commerce,6,43398.366657856226,Tarjeta Débito,1912,260390.19994713736,8.196181255080713,21342.05275813446,239048.1471890029,4.0
2024-05-19,Valparaíso,Alimentos,E-commerce,4,140371.0058366815,Tarjeta Crédito,2151,561484.023346726,6.676215638405845,37485.88417382444,523998.1391729015,5.0
2024-02-06,Biobío,Alimentos,Tienda Física,7,109394.13320857454,Tarjeta Débito,1722,765758.9324600218,7.6288070198932605,58418.271194969835,707340.6612650519,2.0
2024-06-08,Biobío,Hogar,Tienda Física,1,114302.9883818635,Transferencia,3570,114302.9883818635,5.357483944658647,6123.764250823376,108179.22413104013,5.0
2024-01-09,Biobío,Ropa,Telefónico,4,36763.58009368308,Tarjeta Débito,2711,147054.3203747323,12.044236214774866,17711.569709964562,129342.75066476775,2.0
2024-08-20,Valparaíso,Alimentos,Tienda Física,5,69240.79661209832,Tarjeta Crédito,4716,346203.9830604916,9.921166570858617,34347.47383437852,311856.5092261131,1.0
2024-04-08,Biobío,Electrónica,E-commerce,8,94582.91321544653,Tarjeta Débito,1324,5916416.522001586,5.942430664045256,44964.19230289606,5946290.484309919,4.0
2024-05-26,Metropolitana,Alimentos,Tienda Física,2,116646.17463995713,Efectivo,4391,233292.34927991426,6.716939931284912,15670.10696541523,217622.24231449902,4.0
2024-10-30,Valparaíso,Electrónica,E-commerce,5,20074.10950729649,Transferencia,2529,100370.54753648245,6.02534538112644,6047.672150000763,94322.87538648168,3.0
2024-07-26,Araucanía,Ropa,E-commerce,6,144542.97088590663,Transferencia,2549,867257.8253154398,11.125928082758765,96490.48193669348,770767.3433787464,5.0
2024-05-10,Araucanía,Alimentos,Tienda Física,5,134081.99723041063,Efectivo,2073,670409.9861520531,5.942103636124938,39836.456164085845,630573.5299879672,4.0
2024-05-31,Valparaíso,Hogar,E-commerce,9,44200.54562185973,Efectivo,2945,397804.9105967376,12.54282333035216,49895.967135614155,347908.94346112345,3.0
2024-02-23,Metropolitana,Electrónica,Tienda Física,1,124300.23523968813,Efectivo,2607,124300.23523968813,5.205109193203912,6469.9629716350955,117830.27226805304,2.0
2024-04-29,Metropolitana,Hogar,Tienda Física,3,80156.9688407744,Tarjeta Crédito,3116,240470.9065223232,7.493757879958921,18020.30750652525,222450.59901579795,5.0
2024-06-09,Metropolitana,Alimentos,E-commerce,2,71961.9398264927,Tarjeta Débito,1390,143923.8796529854,13.906666758919071,20015.014329848407,123908.865323137,2.0
2024-04-25,Biobío,Electrónica,Tienda Física,3,50592.94534265379,Transferencia,3430,151778.83602796137,12.18531318122246,18494.726512821202,133284.10951514018,4.0
2024-03-15,Metropolitana,Deportes,E-commerce,9,89240.4450615809,Tarjeta Débito,1015,803164.0055542281,5.729683329256877,46018.754132832386,757145.2514213957,5.0
2024-04-22,Valparaíso,Electrónica,Tienda Física,9,110833.92206702167,Efectivo,4510,997505.2986031951,13.211261044851797,131783.02893469651,865722.2696684985,1.0
2024-04-13,Valparaíso,Deportes,Tienda Física,2,64585.27121959995,Efectivo,1845,129170.5424391999,,12827.088531052506,116343.45390814739,1.0
2024-12-05,Metropolitana,Deportes,Tienda Física,3,96236.78298620235,Tarjeta Débito,1868,288710.34895860706,13.467830271688292,38883.019774544184,249827.3291840629,4.0
2024-09-10,Valparaíso,Ropa,Tienda Física,4,106400.37356751904,Transferencia,1567,425601.49427007616,11.007397744503933,46847.6492808594,378753.84498921677,2.0
2024-08-14,Metropolitana,Ropa,Tienda Física,9,108112.66346721645,Tarjeta Crédito,4688,973013.971204948,11.818330320328588,114994.00517994765,858019.9660250004,1.0
2024-04-21,Valparaíso,Ropa,E-commerce,3,12535.084229021137,Tarjeta Débito,3179,37605.25268706341,1.440747445166875,541.7967173374136,37063.455969726,5.0
2024-04-08,Metropolitana,Ropa,Telefónico,7,129663.43182433471,Efectivo,3019,907644.022770343,14.935015603957082,135556.77642913448,772087.2463412085,5.0
2024-06-01,Araucanía,Electrónica,E-commerce,3,71446.73064093196,Efectivo,4631,214340.19192279587,7.323355459240181,15696.894146523953,198643.2977762719,2.0
2024-12-14,Metropolitana,Electrónica,Tienda Física,7,43050.33184595109,Tarjeta Crédito,4319,301352.32292165764,11.239455747613883,33870.360979186196,267481.96194247145,3.0
2024-12-03,Antofagasta,Electrónica,Tienda Física,7,40055.85358455383,Tarjeta Débito,3320,280390.9750918768,9.603213900573984,26926.54509597805,253464.42999589877,2.0
2024-07-12,Valparaíso,Hogar,Tienda Física,9,75037.04636237281,Tarjeta Crédito,2646,675333.4172613553,5.394519529226915,36430.9930815593,638902.424179796,4.0
2024-11-05,Araucanía,Hogar,Tienda Física,2,133590.57322299908,Tarjeta Crédito,4909,267181.14644599817,5.144706415028651,13745.685580954361,253435.4608650438,3.0
2024-06-11,Biobío,Ropa,E-commerce,6,59860.3993439838,Transferencia,4919,359162.3960639028,6.1922857781785865,22240.3619720305,336922.03409187234,5.0
2024-07-26,Araucanía,Deportes,Tienda Física,9,113710.23328361378,Transferencia,4420,1023392.099552524,11.490917405385481,117597.1408928209,905794.9586597031,5.0
2024-06-17,Araucanía,Hogar,Tienda Física,2,19038.715993146696,Efectivo,3531,38077.43198629339,0.0,0.0,38077.43198629339,1.0
2024-06-09,Valparaíso,Ropa,Telefónico,2,74028.22181190396,Tarjeta Débito,3597,148056.44362380792,10.671630879133922,15800.037156305792,132256.40646750212,4.0
2024-03-08,Valparaíso,Hogar,Tienda Física,5,148794.49035694666,Transferencia,1356,743972.4517847332,10.534295611637274,78372.25734014939,665600.1944445838,5.0
2024-10-15,Valparaíso,Alimentos,Tienda Física,8,116713.48140488887,Efectivo,4823,933707.8512391109,5.318567625282601,49659.88349072518,884047.9677483857,2.0
2024-10-03,Biobío,Deportes,Tienda Física,9,35526.63082388889,Tarjeta Débito,4389,319739.677415,9.69302996360007,30992.46273735415,288747.2146776458,4.0
2024-10-30,Metropolitana,Alimentos,Tienda Física,2,77709.01368619705,Efectivo,2656,155418.0273723941,14.246228178425286,22141.20680987873,133276.82056251538,5.0
2024-05-14,Valparaíso,Deportes,E-commerce,5,38875.59072904215,Transferencia,4119,194377.95364521077,8.975918693106467,17447.207076518294,176930.74656869247,1.0
2024-07-13,Biobío,Electrónica,Tienda Física,7,64386.33445306384,Efectivo,4081,450704.3411714469,11.249224697884564,50700.74406149631,400003.5971099506,4.0
2024-05-07,Biobío,Alimentos,Tienda Física,6,118112.1834415699,Tarjeta Débito,3280,708673.1006494194,12.798186756231436,90697.30691228867,617975.7937371307,5.0
2024-02-02,Araucanía,Alimentos,Tienda Física,6,116827.59821710853,Tarjeta Débito,1035,700965.5893026512,12.839252791418875,89998.74399142643,610966.8453112248,4.0
2024-06-24,Biobío,Electrónica,Tienda Física,7,38074.55479584584,Efectivo,3460,266521.8835709209,10.192800823952712,27166.044744631115,239355.8388262898,1.0
2024-01-22,Antofagasta,Deportes,Tienda Física,3,138722.38113245473,Tarjeta Débito,4533,416167.1433973642,13.579519454023362,56513.49819889837,359653.6451984658,4.0
2024-08-25,Metropolitana,Electrónica,E-commerce,3,90922.38650089988,Efectivo,2027,272767.1595026996,8.913780933637469,24313.86705697614,248453.2924457235,4.0
2024-06-06,Valparaíso,Ropa,E-commerce,9,60089.022189492105,Tarjeta Débito,3091,540801.1997054289,13.886932147847983,75100.69565784078,465700.5040475881,
2024-02-07,Valparaíso,Electrónica,E-commerce,8,77780.65921322479,Efectivo,3615,622245.2737057983,7.402271663955453,46060.28557582636,576184.988129972,4.0
2024-08-17,Valparaíso,Hogar,Tienda Física,5,92735.33174847283,Efectivo,4625,463676.65874236415,7.802164069905711,36176.813668936054,427499.8450734281,4.0
2024-12-30,Araucanía,Alimentos,E-commerce,6,86184.12711763888,Efectivo,4326,517104.7627058333,5.531206241990011,28602.130912412686,488502.63179342065,4.0
2024-02-20,Metropolitana,Ropa,E-commerce,1,75528.73015274583,Tarjeta Crédito,3787,75528.73015274583,1.6198805328076948,1223.4751964211853,74305.25495632464,1.0
2024-09-20,Araucanía,Hogar,Tienda Física,1,78215.25659296302,Tarjeta Débito,1113,78215.25659296302,0.0,0.0,78215.25659296302,4.0
2024-10-09,Valparaíso,Hogar,E-commerce,4,30579.727012043495,Transferencia,2772,122318.90804817398,12.955818365422829,15847.415553289986,106471.49249488399,3.0
2024-01-27,Biobío,Alimentos,Tienda Física,2,122846.27112417851,Efectivo,3444,245692.54224835703,9.170552362327056,22531.363237218105,223161.1790111389,2.0
2024-08-13,Biobío,Electrónica,Tienda Física,7,83555.24639144723,Tarjeta Crédito,2197,584886.7247401306,7.29116613911399,42645.06282642525,542241.6619137053,5.0
2024-10-03,Valparaíso,Hogar,E-commerce,2,24006.57994718195,Transferencia,2278,48013.1598943639,3.394391161952983,1629.7544560286424,46383.405438335256,3.0
2024-10-12,Valparaíso,Deportes,Tienda Física,2,116092.7797295028,Efectivo,1465,232185.5594590056,7.317902776165797,16991.113501506657,215194.44595749895,5.0
2024-04-06,Valparaíso,Alimentos,E-commerce,5,140204.37686471586,Transferencia,4348,701021.8843235793,14.013999412292332,98241.20274914704,602780.6815744322,3.0
2024-10-10,Metropolitana,Hogar,Tienda Física,4,142359.5003893595,Tarjeta Crédito,2487,569438.001557438,,75958.28032108245,493479.7212363556,5.0
2024-11-12,Valparaíso,Alimentos,E-commerce,8,58507.57119962005,Transferencia,1846,468060.5695969604,10.535308853571834,49311.626628827325,418748.9429681331,5.0
2024-10-30,Metropolitana,Alimentos,Telefónico,4,24649.946666309334,Efectivo,1501,98599.78666523733,0.0,0.0,98599.78666523733,1.0
2024-05-26,Valparaíso,Alimentos,E-commerce,6,80167.94586179445,Transferencia,1440,481007.67517076666,11.16110800415721,53685.78613409495,427321.8890366717,3.0
2024-01-04,Biobío,Ropa,Tienda Física,5,21328.338255636998,Transferencia,3116,106641.691278185,9.74325570550291,10390.37266990656,96251.31860827844,5.0
2024-02-04,Biobío,Electrónica,Tienda Física,2,140428.1756843295,Efectivo,4580,280856.351368659,8.91666542878809,25043.021187044822,255813.33018161418,3.0
2024-07-10,Biobío,Hogar,Tienda Física,8,31619.045966496167,Tarjeta Crédito,1325,252952.36773196934,14.154768812183315,35804.82285740405,217147.5448745653,2.0
2024-02-18,Metropolitana,Hogar,Tienda Física,2,41651.049692918794,Tarjeta Crédito,2765,83302.09938583759,0.0,0.0,83302.09938583759,1.0
2024-01-17,Biobío,Ropa,Tienda Física,9,63962.296398320716,Transferencia,1066,575660.6675848864,6.25612703520302,36014.062655808266,539646.6049290781,4.0
2024-06-20,Metropolitana,Electrónica,E-commerce,9,60558.84794107324,Tarjeta Débito,1303,545029.6314696592,9.184467897162278,50058.07153235272,494971.55993730645,5.0
2024-08-07,Valparaíso,Ropa,E-commerce,3,120226.11939769391,Transferencia,1971,360678.35819308175,8.445619079878753,30461.520236548346,330216.8379565334,2.0
2024-06-06,Araucanía,Hogar,Telefónico,4,71165.93897988954,Tarjeta Débito,1483,284663.75591955817,9.981507202511484,28413.733300050408,256250.02261950777,1.0
2024-02-15,Metropolitana,Hogar,Tienda Física,8,29761.39770048385,Transferencia,1928,238091.1816038708,9.57631874545175,22800.37045519905,215290.81114867175,2.0
2024-01-06,Biobío,Alimentos,Tienda Física,9,43745.43484548075,Tarjeta Crédito,4619,393708.9136093267,10.188895316510814,40114.5890594263,353594.3245499004,5.0
2024-04-08,Biobío,Ropa,Tienda Física,3,78821.44085219069,Transferencia,2440,236464.32255657206,6.399189772269941,15131.800744107562,221332.5218124645,1.0
2024-08-20,Valparaíso,Electrónica,Telefónico,5,26380.81802678956,Transferencia,4230,131904.0901339478,10.13141501513277,13363.75079340505,118540.33934054273,1.0
2024-02-06,Metropolitana,Alimentos,E-commerce,8,93690.07296867204,Tarjeta Débito,1148,749520.5837493764,7.4241881388721085,55645.818277126185,693874.7654722502,4.0
2024-10-06,Metropolitana,Electrónica,E-commerce,3,87033.35944991616,Tarjeta Crédito,4098,261100.07834974845,6.843313489881913,17867.896883800582,243232.18146594788,3.0
2024-12-14,Antofagasta,Alimentos,Telefónico,7,108631.83587542736,Tarjeta Débito,4034,760422.8511279916,5.648342187861912,42951.28470640473,717471.5664215868,4.0
2024-10-28,Valparaíso,Alimentos,E-commerce,8,140967.16923000832,Transferencia,3631,1127737.3538400666,12.62652558756141,142394.04554310397,985343.3082969626,4.0
2024-06-29,Metropolitana,Hogar,Tienda Física,3,137276.91135966757,Efectivo,3295,411830.73407900275,9.2744192085656,38194.90870819975,373635.825370803,2.0
2024-04-04,Valparaíso,Alimentos,Tienda Física,2,142180.96461998054,Transferencia,2124,284361.9292399611,11.266436833117584,32037.457135254735,252324.47210470634,1.0
2024-04-08,Biobío,Ropa,E-commerce,7,40483.76156843664,Transferencia,3749,283386.3309790565,12.275933433047435,34788.317349344456,248598.01362971202,3.0
2024-07-06,Metropolitana,Ropa,Tienda Física,9,24076.96946270642,Tarjeta Débito,1095,216692.72516435778,11.793166653135536,25554.934203853678,191137.7909605041,1.0
2024-04-25,Valparaíso,Electrónica,Tienda Física,1,48830.12157198503,Efectivo,4455,48830.12157198503,0.0,0.0,48830.12157198503,3.0
2024-07-09,Biobío,Hogar,Telefónico,3,134787.35005111562,Efectivo,1281,404362.05015334685,9.705007190896822,39243.366044640126,365118.6841087067,3.0
2024-09-09,Antofagasta,Deportes,Telefónico,5,145947.7538204058,Tarjeta Débito,3369,729738.769102029,8.8789852895173,64793.39796047377,664945.3711415553,2.0
2024-06-09,Metropolitana,Hogar,E-commerce,3,129602.11790521903,Tarjeta Crédito,4467,388806.3537156571,8.759599096406637,34057.87784684829,354748.4758688088,3.0
2024-09-12,Valparaíso,Ropa,E-commerce,1,20952.569563493824,Efectivo,4349,20952.569563493824,2.815990462240806,590.0223605023562,20362.547202991467,3.0
2024-11-18,Valparaíso,Ropa,E-commerce,7,142377.05971867,Efectivo,1528,996639.41803069,11.400487969300563,113621.75694989596,883017.6610807941,4.0
2024-05-07,Biobío,Ropa,Tienda Física,7,66386.91396586396,Tarjeta Débito,3310,464708.3977610477,9.947943549418735,46228.9290786773,418479.4686823704,4.0
2024-01-18,Valparaíso,Electrónica,Tienda Física,8,6349.992160541284,Tarjeta Crédito,2642,50799.93728433027,0.0,0.0,50799.93728433027,4.0
2024-10-07,Valparaíso,Hogar,E-commerce,5,69147.09240848807,Tarjeta Crédito,1579,345735.4620424403,13.491322479885106,46644.28611146639,299091.1759309739,4.0
2024-08-10,Araucanía,Alimentos,E-commerce,5,11680.029602942801,Transferencia,2663,58400.148014714,0.8111478554824847,473.7115482199495,57926.43646649405,4.0
2024-02-23,Biobío,Electrónica,Tienda Física,5,83862.29856836205,Transferencia,4364,419311.4928418102,13.747019843267122,57642.83412606325,361668.65871574695,5.0
2024-02-27,Valparaíso,Electrónica,Telefónico,1,54090.333978372444,Tarjeta Débito,3341,54090.333978372444,0.0,0.0,54090.333978372444,5.0
2024-11-18,Araucanía,Electrónica,Tienda Física,5,73648.06537113707,Tarjeta Crédito,2631,368240.3268556853,6.705603780065185,24692.73727735923,343547.5895783261,1.0
2024-12-25,Biobío,Hogar,Tienda Física,6,93909.70230775197,Tarjeta Débito,3442,563458.2138465118,6.362336515457256,35849.10768889986,527609.1061576119,2.0
2024-06-22,Valparaíso,Alimentos,E-commerce,1,130976.15889358394,Transferencia,3560,130976.15889358394,11.304009260359996,14805.557130194551,116170.6017633894,5.0
2024-10-06,Metropolitana,Electrónica,Tienda Física,7,100975.72858842964,Tarjeta Débito,3968,706830.1001190075,8.012257480622793,56633.04757207876,650197.0525469288,5.0
2024-04-23,Antofagasta,Electrónica,Tienda Física,1,67937.0859293362,Tarjeta Débito,1809,67937.0859293362,0.0,0.0,67937.0859293362,2.0
2024-10-14,Metropolitana,Hogar,Tienda Física,2,123817.03878220293,Efectivo,4251,247634.07756440586,5.185707187650989,12841.57815933062,234792.49940507524,2.0
2024-12-07,Metropolitana,Alimentos,E-commerce,2,136309.40994810418,Efectivo,3967,272618.81989620836,13.88642669362955,37857.01257792494,234761.80731828342,1.0
2024-05-30,Metropolitana,Ropa,Tienda Física,5,22365.195132668596,Efectivo,1692,111825.97566334298,7.269007672438082,8128.6387507471445,103697.33691259584,2.0
2024-05-06,Biobío,Hogar,E-commerce,7,82130.28174515476,Transferencia,1234,574911.9722160833,14.292806516858091,82171.05583109774,492740.91638498555,1.0
2024-06-03,Metropolitana,Alimentos,E-commerce,1,46254.2341626544,Tarjeta Débito,1951,46254.2341626544,1.5496495461458322,716.7785297748044,45537.455632879595,2.0
2024-09-29,Metropolitana,Ropa,Tienda Física,1,11823.873692157373,Efectivo,2854,11823.873692157373,0.0,0.0,11823.873692157373,1.0
2024-04-13,Metropolitana,Alimentos,Telefónico,1,101939.27079152787,Efectivo,2360,101939.27079152787,12.174344508782536,12410.438015901334,89528.83277562654,1.0
2024-10-25,Metropolitana,Alimentos,Tienda Física,6,130101.7627315877,Efectivo,2031,780610.5763895262,12.626534899114843,98564.06685400505,682046.5095355212,4.0
2024-09-02,Biobío,Hogar,Telefónico,2,28620.884899222136,Transferencia,2466,57241.76979844427,0.0,0.0,57241.76979844427,2.0
2024-06-24,Biobío,Hogar,E-commerce,1,122799.98035546557,Transferencia,2964,122799.98035546557,7.014614957931604,8613.94579035156,114186.03456511401,3.0
2024-02-08,Valparaíso,Electrónica,Telefónico,6,128742.38136285654,Tarjeta Débito,1538,772454.2881771392,7.341944256168129,56713.16324234588,715741.1249347933,5.0
2024-06-18,Valparaíso,Hogar,Tienda Física,2,137579.3641866401,Tarjeta Débito,1819,275158.7283732802,10.212677538240658,28101.07364708661,247057.65472619358,2.0
2024-09-03,Biobío,Deportes,Tienda Física,6,43466.3379174776,Tarjeta Débito,2681,260798.0275048656,6.720998526498621,17528.231585739486,243269.79591912613,5.0
2024-01-26,Metropolitana,Hogar,Tienda Física,8,136073.19445253393,Efectivo,4162,1088585.5556202715,8.054316926830323,87678.13066935344,1000907.4249509181,3.0
2024-12-20,Metropolitana,Electrónica,Tienda Física,2,51496.09943678268,Tarjeta Crédito,4925,102992.19887356536,8.214624779478044,8460.422689597206,94531.77618396815,2.0
2024-11-01,Antofagasta,Alimentos,E-commerce,9,85089.01195104791,Transferencia,1271,765801.1075594312,,50514.53334643205,715286.5742129992,4.0
2024-01-13,Biobío,Ropa,Tienda Física,8,12323.583270680909,Efectivo,4905,98588.66616544727,0.0,0.0,98588.66616544727,4.0
2024-11-11,Metropolitana,Electrónica,E-commerce,1,11362.757813467822,Efectivo,2028,11362.757813467822,4.499916384393271,511.31460056716514,10851.443212900656,3.0
2024-11-08,Valparaíso,Hogar,Tienda Física,7,109454.11584616941,Tarjeta Débito,4665,766178.8109231859,7.051828333951607,54029.61447741473,712149.1964457711,4.0
2024-02-05,Metropolitana,Hogar,Tienda Física,6,69449.59680677971,Tarjeta Débito,2922,416697.58084067825,12.885518420082565,53693.64353526403,363003.93730541423,2.0
2024-06-21,Valparaíso,Alimentos,E-commerce,6,42162.39442853654,Efectivo,2242,252974.36657121926,,16878.344868303855,236096.0217029154,1.0
2024-01-20,Metropolitana,Electrónica,Tienda Física,6,32609.95692361198,Transferencia,2141,195659.74154167186,5.284573918439225,10339.78367039679,185319.95787127508,4.0
2024-11-16,Metropolitana,Hogar,E-commerce,6,102143.25617458663,Transferencia,1592,612859.5370475198,11.293549426289385,69213.59473018996,543645.9423173298,1.0
2024-09-20,Metropolitana,Ropa,E-commerce,7,5058.223883674282,Efectivo,4023,35407.56718571997,3.440872183611317,1218.329130186927,34189.238055533046,1.0
2024-05-21,Antofagasta,Hogar,E-commerce,3,121854.21953354386,Tarjeta Crédito,2605,365562.6586006316,14.7598311939245,53956.43131747574,311606.22728315584,3.0
2024-05-22,Araucanía,Ropa,Tienda Física,6,16491.19288883968,Tarjeta Crédito,1114,98947.15733303808,0.0,0.0,98947.15733303808,1.0
2024-04-01,Metropolitana,Ropa,E-commerce,3,32765.994161677318,Transferencia,3310,98297.98248503196,4.929871588427598,4845.964310527127,93452.01817450483,3.0
2024-12-19,Metropolitana,Hogar,Telefónico,7,61004.27731836799,Tarjeta Débito,4377,427029.94122857595,8.312138146231213,35495.31864068919,391534.62258788676,2.0
2024-11-17,Araucanía,Deportes,E-commerce,7,75304.51725883503,Tarjeta Crédito,2677,527131.6208118452,6.186557031962523,32611.298355033232,494520.32245681196,2.0
2024-10-14,Metropolitana,Ropa,Tienda Física,8,56474.29179302156,Tarjeta Crédito,2445,451794.3343441725,10.703873253675308,48359.49291548628,403434.8414286862,5.0
2024-08-02,Metropolitana,Electrónica,E-commerce,2,51503.26392272262,Tarjeta Débito,1206,103006.52784544523,14.063542110956462,14486.366420578284,88520.16142486695,2.0
2024-12-07,Antofagasta,Ropa,E-commerce,9,144767.82175061232,Tarjeta Crédito,4694,1302910.3957555108,12.840617798284788,167301.74417308488,1135608.651582426,5.0
2024-02-20,Metropolitana,Alimentos,E-commerce,5,98029.05378029216,Efectivo,3350,490145.2689014608,11.225158684127159,55019.58421693074,435125.6846845301,1.0
2024-06-01,Biobío,Alimentos,Tienda Física,9,8397.77852827129,Tarjeta Crédito,1111,75580.00675444161,0.0,0.0,75580.00675444161,1.0
2024-07-04,Antofagasta,Electrónica,Tienda Física,5,67375.50672442542,Tarjeta Débito,2440,336877.5336221271,8.150564966075994,27457.422233985966,309420.1113881411,1.0
2024-03-03,Valparaíso,Deportes,E-commerce,7,131876.2614628757,Efectivo,4626,923133.83024013,10.4188017327622,96179.48350077272,826954.3467393572,5.0
2024-07-08,Metropolitana,Hogar,Tienda Física,9,48711.14702954685,Tarjeta Crédito,2882,438400.3232659217,5.912448413042553,25920.19295570941,412480.13031021226,4.0
2024-05-04,Metropolitana,Electrónica,E-commerce,4,18710.669992286294,Transferencia,4356,74842.67996914517,3.835062649903847,2870.2636656837544,71972.41630346142,2.0
2024-05-29,Araucanía,Electrónica,Tienda Física,2,114965.79188053808,Efectivo,4711,229931.58376107615,11.789454242806698,27107.678857272833,202823.9049038033,5.0
2024-11-09,Araucanía,Electrónica,E-commerce,9,92872.00563073179,Efectivo,1184,835848.0506765861,12.250960188976508,102399.41192872474,733448.6387478614,1.0
2024-02-27,Araucanía,Alimentos,Tienda Física,2,87695.31363484307,Transferencia,2764,175390.62726968614,14.650316229099188,25695.281531209697,149695.34573847643,5.0
2024-12-07,Metropolitana,Electrónica,Tienda Física,3,12768.60114307415,Transferencia,1900,38305.80342922245,0.0,0.0,38305.80342922245,4.0
2024-10-31,Araucanía,Electrónica,Telefónico,2,25372.356420350014,Tarjeta Crédito,1220,50744.71284070003,0.0,0.0,50744.71284070003,5.0
2024-06-28,Antofagasta,Alimentos,E-commerce,3,95269.6624509015,Tarjeta Crédito,4935,285808.9873527045,7.603973587450716,21732.83990886001,264076.14744384453,1.0
2024-06-18,Biobío,Hogar,E-commerce,6,35134.457011531194,Tarjeta Débito,2467,210806.74206918717,5.184564190430226,10929.410860331689,199877.33120885547,1.0
2024-11-21,Antofagasta,Electrónica,Tienda Física,3,78090.16156352153,Tarjeta Débito,4188,234270.48469056457,10.456084644271506,24495.520175790552,209774.964514774,3.0
2024-09-27,Araucanía,Electrónica,E-commerce,8,84007.84447426205,Efectivo,2093,672062.7557940964,12.067905043968144,81103.89520510707,590958.8605889893,5.0
2024-02-23,Biobío,Electrónica,E-commerce,6,46108.54258928621,Transferencia,3945,276651.25553571724,12.90407475882988,35699.28483557044,240951.9707001468,2.0
2024-04-10,Biobío,Electrónica,E-commerce,7,142521.64755351646,Transferencia,4141,997651.5328746153,6.937389330248106,69210.97099470024,928440.5618799151,4.0
2024-09-20,Metropolitana,Ropa,Tienda Física,1,127157.2954911584,Tarjeta Débito,3669,127157.2954911584,7.617528690370237,9686.24346593785,117471.05202522055,3.0
2024-02-22,Metropolitana,Electrónica,E-commerce,3,109744.15860675578,Efectivo,3474,329232.47582026734,10.125909252672963,33337.78173188873,295894.69408837863,4.0
2024-02-29,Biobío,Electrónica,E-commerce,3,16309.110629364317,Efectivo,3691,48927.33188809295,4.709872160717951,2304.4147835793665,46622.91710451359,1.0
2024-04-17,Metropolitana,Alimentos,Telefónico,2,20388.85279980782,Tarjeta Débito,3615,40777.70559961564,0.0,0.0,40777.70559961564,3.0
2024-01-05,Araucanía,Ropa,Tienda Física,7,76453.29515041858,Tarjeta Débito,3012,535173.0660529301,8.30600809970002,44451.518213769305,490721.5478391608,1.0
2024-04-12,Antofagasta,Hogar,E-commerce,9,28303.435632692923,Tarjeta Débito,3490,254730.9206942363,13.60511486587445,34656.434359350395,220074.4863348859,3.0
2024-07-14,Araucanía,Ropa,E-commerce,4,146848.49221177373,Tarjeta Crédito,1600,587393.9688470949,9.737601537387203,57198.084140974424,530195.8847061205,4.0
2024-09-18,Metropolitana,Hogar,Tienda Física,5,27985.43393397437,Efectivo,2160,139927.16966987186,12.99578644102003,18184.636143260297,121742.53352661156,2.0
2024-12-30,Metropolitana,Ropa,Tienda Física,3,75682.83614227622,Efectivo,1503,227048.50842682866,10.806197604823538,24535.310479407526,202513.19794742114,1.0
2024-12-15,Metropolitana,Ropa,Tienda Física,9,57797.553242018286,Efectivo,3178,520177.97917816456,12.73090141617112,66223.34571780327,453954.6334603613,3.0
2024-02-16,Biobío,Hogar,Tienda Física,4,97711.03111084421,Tarjeta Débito,1217,390844.12444337684,8.326729865303239,32544.53443680962,358299.59000656725,4.0
2024-12-20,Araucanía,Deportes,Tienda Física,5,23710.279288966613,Tarjeta Débito,3735,118551.39644483307,13.314166219303111,15784.129977970073,102767.26646686299,3.0
2024-11-06,Antofagasta,Electrónica,E-commerce,1,67395.88206614667,Tarjeta Débito,3218,67395.88206614667,1.080942869352377,728.51098143115,66667.37108471553,2.0
2024-11-03,Valparaíso,Alimentos,E-commerce,2,44832.22975703583,Tarjeta Débito,2498,89664.45951407166,3.8574243740846286,3458.738716187044,86205.72079788461,1.0
2024-05-23,Antofagasta,Electrónica,E-commerce,9,133723.9710773948,Transferencia,1611,1203515.739696553,7.745723155510216,93220.99732988595,1110294.742366667,2.0
2024-09-25,Araucanía,Alimentos,Telefónico,2,10884.928259530787,Tarjeta Débito,4039,21769.856519061574,0.0,0.0,21769.856519061574,5.0
2024-05-03,Metropolitana,Ropa,Tienda Física,5,137490.4866309366,Tarjeta Crédito,2152,687452.433154683,10.460988080032909,71914.31708820758,615538.1160664754,2.0
2024-04-15,Araucanía,Alimentos,Tienda Física,8,125784.15009018507,Transferencia,1056,1006273.2007214805,7.140071131738742,71848.62231113788,934424.5784103427,4.0
2024-06-06,Valparaíso,Electrónica,E-commerce,3,48147.75388391824,Transferencia,2204,144443.26165175473,9.755265216261932,14090.82326114784,130352.43839060688,4.0
2024-05-26,Metropolitana,Ropa,Tienda Física,6,119447.14492818018,Tarjeta Débito,1245,716682.8695690811,8.181752095087031,58637.215696098145,658045.653872983,4.0
2024-05-24,Biobío,Ropa,Tienda Física,4,9525.966249118395,Efectivo,1143,38103.86499647358,0.0,0.0,38103.86499647358,
2024-04-29,Metropolitana,Alimentos,Tienda Física,7,145195.50479254208,Tarjeta Débito,4122,1016368.5335477946,7.667034306372143,77925.32414628088,938443.2094015137,2.0
2024-11-14,Biobío,Ropa,Tienda Física,3,81356.26667551945,Efectivo,1367,244068.80002655834,14.669850180280374,35804.52730070422,208264.27272585413,5.0
2024-10-01,Biobío,Ropa,E-commerce,6,48975.748779489564,Tarjeta Débito,2482,293854.49267693737,6.6007410548673064,19396.57413969865,274457.91853723873,2.0
2024-04-01,Biobío,Hogar,Tienda Física,9,57574.56582622817,Tarjeta Débito,3265,518171.09243605356,,66705.5035516456,451465.58888440795,2.0
2024-02-27,Valparaíso,Hogar,Tienda Física,1,14628.776251772118,Efectivo,1615,14628.776251772118,0.0,0.0,14628.776251772118,4.0
2024-12-11,Valparaíso,Ropa,Tienda Física,3,148455.67953609567,Efectivo,4966,445367.038608287,14.841649594832148,66099.81528112276,379267.22332716425,5.0
2024-08-16,Biobío,Electrónica,E-commerce,2,10697.332046850406,Efectivo,4638,21394.664093700812,0.10108760073898715,21.62735261848772,21373.036741082324,3.0
2024-04-26,Valparaíso,Deportes,Tienda Física,8,99961.53285643956,Efectivo,4328,799692.2628515165,5.199014837400778,41576.119399196374,758116.1434523201,3.0
2024-11-13,Valparaíso,Alimentos,E-commerce,7,69196.70951743645,Tarjeta Crédito,2881,484376.96662205516,11.99027414042095,58078.1261710397,426298.84045101545,5.0
2024-10-05,Metropolitana,Deportes,Tienda Física,2,142592.8516373637,Efectivo,4227,285185.7032747274,7.529118055562871,21471.968277141452,263713.73499758594,5.0
2024-05-06,Biobío,Electrónica,Tienda Física,6,40669.9623444853,Tarjeta Débito,2588,244019.77406691178,5.4048782432830444,13188.971677850956,230830.80238906082,5.0
2024-05-08,Metropolitana,Alimentos,E-commerce,3,82152.58947101164,Tarjeta Débito,3489,246457.7684130349,9.028895789566308,22252.41507530359,224205.35333773133,2.0
2024-02-27,Biobío,Alimentos,Tienda Física,8,74941.65024449918,Tarjeta Crédito,3888,599533.2019559934,14.35217810170875,86046.07292360139,513487.12903239205,5.0
2024-05-01,Araucanía,Ropa,Tienda Física,3,106915.6343872647,Efectivo,4003,320746.90316179406,5.117650943669977,16414.70691645178,304332.19624534226,4.0
2024-01-01,Valparaíso,Ropa,Tienda Física,9,14861.483633100974,Tarjeta Débito,1698,133753.35269790876,10.878856919297817,14550.835864769262,119202.5168331395,4.0
2024-08-26,Valparaíso,Hogar,Telefónico,1,33099.423853386455,Tarjeta Crédito,1875,33099.423853386455,0.0,0.0,33099.423853386455,3.0
2024-10-16,Antofagasta,Alimentos,Tienda Física,5,36111.89891346323,Tarjeta Débito,2685,180559.49456731614,10.013964785953243,18081.164203666198,162478.33036364993,2.0
2024-04-05,Araucanía,Ropa,E-commerce,3,112031.859452045,Tarjeta Crédito,3823,336095.578356135,13.733841643710475,46158.83450294444,289936.74385319056,1.0
2024-05-05,Antofagasta,Electrónica,Tienda Física,6,32425.11096737731,Tarjeta Crédito,3809,194550.66580426384,5.840017145206256,11361.792239081933,183188.87356518192,1.0
2024-04-27,Araucanía,Hogar,Tienda Física,2,88156.30576419162,Transferencia,1944,176312.61152838325,11.815260298866503,20831.79399180779,155480.81753657546,5.0
2024-02-17,Metropolitana,Deportes,Tienda Física,9,36210.35397263829,Transferencia,4881,325893.18575374456,11.801096984332773,38458.970916131155,287434.2148376134,1.0
2024-03-29,Metropolitana,Alimentos,Telefónico,6,129935.61776217687,Efectivo,1922,779613.7065730612,11.690800168622832,91143.08052265015,688470.626050411,3.0
2024-08-24,Valparaíso,Deportes,Tienda Física,7,141616.8909009976,Transferencia,3982,991318.2363069832,14.42334494935037,142981.24876837243,848336.9875386107,3.0
2024-09-28,Metropolitana,Ropa,Tienda Física,5,80181.48136662487,Tarjeta Crédito,2746,400907.40683312435,13.230875290068804,53043.55902673946,347863.8478063849,2.0
2024-07-07,Valparaíso,Electrónica,Tienda Física,9,56084.78821033085,Tarjeta Débito,1024,504763.0938929777,5.41972726243506,27356.783010428393,477406.31088254927,3.0
2024-07-10,Valparaíso,Electrónica,Tienda Física,1,38938.37737753738,Tarjeta Débito,3853,38938.37737753738,0.0,0.0,38938.37737753738,5.0
2024-03-09,Valparaíso,Electrónica,Tienda Física,5,12218.245220841345,Efectivo,4924,61091.226104206726,0.0,0.0,61091.226104206726,4.0
2024-10-04,Araucanía,Electrónica,E-commerce,6,43932.51104863683,Transferencia,2687,263595.06629182096,9.710828507045132,25597.264840630665,237997.8014511903,4.0
2024-12-14,Biobío,Hogar,Tienda Física,7,99864.1880920711,Efectivo,2559,699049.3166444977,8.979530562013334,62771.34703163803,636277.9696128597,1.0
2024-09-03,Valparaíso,Electrónica,Tienda Física,4,82374.45503983558,Tarjeta Crédito,3811,329497.8201593423,8.101472210908021,26694.174335756805,302803.6458235855,5.0
2024-03-16,Araucanía,Hogar,E-commerce,1,141885.98535073447,Transferencia,2083,141885.98535073447,9.513367251540974,13498.134864882995,128387.85048585146,3.0
2024-06-02,Valparaíso,Deportes,Tienda Física,8,62460.20306129658,Efectivo,4538,499681.62449037266,8.841941849259776,44181.55866887535,455500.0658214973,3.0
2024-05-23,Antofagasta,Hogar,Tienda Física,4,105610.1846376172,Tarjeta Débito,1433,422440.7385504688,9.323338998786653,39385.58212403822,383055.15642643056,5.0
2024-03-26,Metropolitana,Alimentos,Tienda Física,3,75951.7983838926,Tarjeta Débito,3926,227855.3951516778,14.792618656086425,33705.77969210654,194149.61545957127,3.0
2024-07-03,Antofagasta,Ropa,E-commerce,7,79323.55130901068,Efectivo,2089,555264.8591630748,5.886329747495807,32684.72058230677,522580.13858076796,4.0
2024-10-11,Biobío,Electrónica,Tienda Física,2,43827.275617597035,Efectivo,3957,87654.55123519407,0.0,0.0,87654.55123519407,2.0
2024-08-07,Valparaíso,Hogar,Tienda Física,8,70967.86264208995,Efectivo,3612,567742.9011367196,14.222308698387298,80746.14801284407,486996.75312387553,5.0
2024-03-09,Metropolitana,Electrónica,Tienda Física,6,73263.82456684255,Tarjeta Crédito,2951,439582.9474010553,9.802367134710266,43089.53436583176,396493.41303522355,
2024-02-16,Valparaíso,Hogar,E-commerce,7,107463.16565359542,Tarjeta Crédito,3153,752242.1595751679,,84532.62935604232,667709.5302191256,3.0
2024-04-03,Metropolitana,Ropa,Tienda Física,5,141392.79988198652,Tarjeta Débito,1095,706963.9994099326,13.301829666176939,94039.14700270139,612924.8524072312,2.0
2024-08-25,Metropolitana,Electrónica,E-commerce,9,52751.585234963124,Tarjeta Crédito,4759,474764.2671146681,8.604630291492555,40851.709941331355,433912.55717333674,2.0
2024-07-22,Biobío,Electrónica,E-commerce,5,11119.067944288276,Tarjeta Crédito,4622,55595.33972144138,3.3538001085576696,1864.5565639307063,53730.78315751067,1.0
2024-08-05,Valparaíso,Hogar,E-commerce,5,76962.79319759275,Transferencia,1167,384813.9659879637,9.304219080879669,35803.93444934192,349010.0315386218,3.0
2024-12-06,Biobío,Deportes,Tienda Física,3,83946.89316162944,Tarjeta Crédito,3089,251840.67948488833,9.09518480278714,22905.375207745434,228935.3042771429,2.0
2024-02-08,Antofagasta,Alimentos,Tienda Física,1,29423.879914127712,Transferencia,2902,29423.879914127712,0.0,0.0,29423.879914127712,5.0
2024-04-09,Valparaíso,Alimentos,Tienda Física,2,115267.36791002967,Tarjeta Crédito,3151,230534.73582005934,8.747310225357598,20165.588519389177,210369.14730067016,2.0
2024-10-15,Biobío,Electrónica,Tienda Física,8,147814.72072401628,Tarjeta Débito,2868,1182517.7657921303,14.25529321646895,168571.37485050573,1013946.3909416245,2.0
2024-09-10,Metropolitana,Alimentos,Tienda Física,1,142137.33396622684,Efectivo,4275,142137.33396622684,13.289298911930121,18889.055176220267,123248.27879000657,1.0
2024-08-09,Biobío,Alimentos,E-commerce,7,33580.37562942957,Tarjeta Débito,3567,235062.62940600698,6.089999898629761,14315.313892542277,220747.3155134647,3.0
2024-12-22,Valparaíso,Ropa,Tienda Física,5,131927.66978561028,Tarjeta Crédito,2998,659638.3489280514,6.08123352477096,40114.1484172583,619524.2005107931,4.0
2024-01-23,Antofagasta,Deportes,Tienda Física,3,107151.57727969429,Efectivo,3329,321454.7318390829,9.278695148529913,29826.804607872826,291627.92723121005,2.0
2024-09-06,Araucanía,Hogar,E-commerce,7,70807.75175200218,,4979,495654.26226401527,5.986573767328091,29672.708041341113,465981.55422267417,3.0
2024-01-10,Valparaíso,Deportes,E-commerce,9,83388.5941770857,Efectivo,4114,750497.3475937713,11.190930952711197,83987.63997114789,666509.7076226234,4.0
2024-09-02,Metropolitana,Deportes,Tienda Física,2,128192.02537245642,Transferencia,3994,256384.05074491285,6.436916072617339,16503.22617002669,239880.82457488615,1.0
2024-11-20,Araucanía,Electrónica,E-commerce,8,74619.56624756411,Tarjeta Débito,2133,596956.5299805129,10.223732639668011,61031.23960024725,535925.2903802657,5.0
2024-04-09,Araucanía,Ropa,Tienda Física,9,59115.068520243396,Transferencia,3010,532035.6166821906,5.0721994700371775,26985.907729763097,505049.7089524275,5.0
2024-10-16,Metropolitana,Deportes,E-commerce,3,76520.88648876794,Efectivo,4281,229562.65946630383,8.165963484126468,18746.00294520796,210816.65652109587,5.0
2024-06-28,Metropolitana,Electrónica,E-commerce,2,88973.82158508211,Tarjeta Débito,1748,177947.64317016423,11.771907236726555,20947.83148393291,156999.81168623132,1.0
2024-08-10,Araucanía,Ropa,E-commerce,7,32416.25979786058,Tarjeta Débito,2891,226913.81858502407,9.840389402278484,22329.203356346137,204584.61522867793,4.0
2024-09-06,Metropolitana,Deportes,E-commerce,5,135631.62088871363,Tarjeta Crédito,1830,678158.1044435682,14.782694859989881,100250.04324818416,577908.061195384,4.0
2024-05-26,Antofagasta,Ropa,Tienda Física,5,102757.107580294,Transferencia,1048,513785.53790147003,13.741037960662108,70599.465799433,443186.072102037,2.0
2024-04-05,Valparaíso,Electrónica,Tienda Física,5,96823.99301393589,Transferencia,1114,484119.9650696794,8.590707790431512,41589.33155427527,442530.6335154042,1.0
2024-09-13,Metropolitana,Ropa,E-commerce,4,19426.95279619253,Tarjeta Crédito,2178,77707.81118477012,2.3464113906012067,1823.3449330263245,75884.4662517438,2.0
2024-11-20,Araucanía,Electrónica,Tienda Física,5,92605.22103502581,Transferencia,2672,463026.105175129,5.454865414722746,25257.450872335878,437768.65430279315,3.0
2024-01-04,Valparaíso,Ropa,E-commerce,4,22539.29602458139,Efectivo,3550,90157.18409832555,1.7338003596003433,1563.145582102312,88594.03851622324,1.0
2024-01-16,Valparaíso,Electrónica,Tienda Física,6,16411.162903332865,Efectivo,4750,98466.97741999719,0.0,0.0,98466.97741999719,2.0
2024-10-06,Metropolitana,Ropa,Tienda Física,4,81460.07986814703,Transferencia,4904,325840.31947258813,13.456263001150187,43845.930352019444,281994.3891205687,4.0
2024-12-01,Metropolitana,Ropa,Tienda Física,2,63403.90243674177,Tarjeta Crédito,4782,126807.80487348355,14.112343103146713,17895.552505314798,108912.25236816875,1.0
2024-09-03,Biobío,Alimentos,Tienda Física,9,90377.48917265236,Tarjeta Débito,4033,813397.4025538713,13.206273934190367,107419.4891548534,705977.9133990179,4.0
2024-09-14,Valparaíso,Ropa,E-commerce,2,17937.214368299596,Transferencia,1070,35874.42873659919,4.312021761465445,1546.9131739235702,34327.515562675624,1.0
2024-06-08,Biobío,Ropa,E-commerce,9,67492.54411285247,Tarjeta Débito,4059,607432.8970156722,6.279499409197649,38143.7451793713,569289.1518363009,4.0
2024-12-05,Araucanía,Ropa,E-commerce,6,30344.073681547907,Tarjeta Crédito,4590,182064.44208928745,14.979151344122878,27271.708324387317,154792.73376490013,2.0
2024-05-31,Biobío,Electrónica,E-commerce,9,148129.5124589969,Tarjeta Débito,4783,1333165.612130972,7.585842215527738,101131.83980793007,1232033.772323042,2.0
2024-06-26,Metropolitana,Ropa,E-commerce,9,86366.78080310028,Tarjeta Crédito,2359,777301.0272279026,12.2420491280837,95157.57362633909,682143.4536015635,3.0
2024-06-11,Valparaíso,Electrónica,E-commerce,3,104678.34483642576,Tarjeta Crédito,1066,314035.0345092773,,44217.22809803543,269817.8064112419,5.0
2024-02-02,Antofagasta,Deportes,Tienda Física,1,52185.650698978134,Efectivo,2516,52185.650698978134,0.0,0.0,52185.650698978134,2.0
2024-06-27,Araucanía,Electrónica,E-commerce,1,18737.142643004903,Efectivo,2673,18737.142643004903,4.271338463287654,800.3267806317413,17936.81586237316,5.0
2024-04-10,Biobío,Hogar,Tienda Física,3,146501.2751036128,Tarjeta Crédito,2777,439503.8253108384,7.356871143307094,32333.730098023887,407170.0952128145,4.0
2024-09-24,Metropolitana,Ropa,Tienda Física,5,46507.560130561564,Transferencia,1966,232537.8006528078,14.08258554677066,32747.334705510682,199790.46594729714,5.0
2024-11-18,Metropolitana,Ropa,E-commerce,3,66452.18685016826,Efectivo,4284,199356.56055050477,8.094815791948669,16137.546345727971,183219.0142047768,1.0
2024-03-05,Araucanía,Electrónica,Tienda Física,9,99230.26864687337,Tarjeta Crédito,3228,893072.4178218604,14.764132223840562,131854.3926218693,761218.0251999911,5.0
2024-06-16,Araucanía,Ropa,Tienda Física,9,8581.108164486137,Tarjeta Débito,2789,77229.97348037524,0.0,0.0,77229.97348037524,1.0
2024-11-25,Biobío,Ropa,Tienda Física,3,122487.57392500661,Tarjeta Débito,1612,367462.72177501983,7.812600203804746,28708.39335030167,338754.3284247182,2.0
2024-02-12,Araucanía,Alimentos,Tienda Física,3,82803.83755414994,Transferencia,2886,248411.51266244982,14.534358247578352,36105.01917858892,212306.49348386092,3.0
2024-02-13,Araucanía,Hogar,Telefónico,5,45341.49212497921,Tarjeta Débito,2622,226707.46062489605,5.535446508926749,12549.270214637292,214158.19041025874,5.0
2024-10-11,Metropolitana,Ropa,Tienda Física,2,13933.157867408041,Tarjeta Débito,1696,27866.315734816082,0.0,0.0,27866.315734816082,1.0
2024-01-12,Valparaíso,Ropa,Tienda Física,6,28562.27024379401,Tarjeta Crédito,3650,171373.62146276404,12.09272011669813,20723.732397341773,150649.88906542226,4.0
2024-04-04,Metropolitana,Ropa,Tienda Física,7,134779.90953374834,Tarjeta Débito,3295,943459.3667362384,10.321111338370038,97375.49167312805,846083.8750631103,4.0
2024-10-28,Metropolitana,Ropa,Tienda Física,9,104473.5124707042,Tarjeta Débito,2237,940261.6122363377,9.778770771227308,91946.02771043764,848315.5845259001,5.0
2024-09-09,Araucanía,Ropa,Telefónico,6,41235.74963734903,Tarjeta Débito,3406,247414.49782409417,7.2349431425584,17900.298244019603,229514.19958007458,4.0
2024-08-29,Valparaíso,Electrónica,Tienda Física,3,14512.110917029282,Tarjeta Débito,1248,43536.332751087844,0.0,0.0,43536.332751087844,3.0
2024-02-04,Valparaíso,Electrónica,E-commerce,5,105139.22029606227,Tarjeta Crédito,1637,525696.1014803114,12.05595789776492,63377.70066465789,462318.4008156535,1.0
2024-08-02,Metropolitana,Electrónica,E-commerce,4,87999.12026532594,Tarjeta Débito,4994,351996.48106130376,6.908094914463071,24316.251007284893,327680.23005401884,2.0
2024-12-02,Metropolitana,Electrónica,Telefónico,5,63655.33104644408,Transferencia,1949,318276.6552322204,10.528417959847683,33509.49653147159,284767.1587007488,5.0
2024-03-30,Metropolitana,Hogar,E-commerce,8,57723.66013255926,Efectivo,2904,461789.28106047405,7.532453630402508,34784.063466049316,427005.2175944247,4.0
2024-09-20,Metropolitana,Ropa,E-commerce,8,36438.0700097207,Transferencia,4587,291504.5600777656,14.55621379781356,42432.02699529544,249072.53308247018,2.0
2024-04-02,Biobío,Electrónica,Tienda Física,6,102093.63219794005,Efectivo,2111,612561.7931876404,5.286311938356528,32381.927203089057,580179.8659845514,3.0
2024-03-30,Metropolitana,Deportes,Tienda Física,1,145746.86403011123,,3710,145746.86403011123,6.997282801112366,10198.320249939597,135548.54378017163,4.0
2024-04-24,Biobío,Electrónica,Tienda Física,8,30478.710646339747,Efectivo,1175,243829.68517071797,7.423106063874477,18099.736145433613,225729.94902528435,4.0
2024-04-14,Metropolitana,Alimentos,E-commerce,8,91581.909902248,Efectivo,1722,732655.279217984,9.140678257678164,66969.6618112095,665685.6174067744,1.0
2024-07-14,Metropolitana,Ropa,Tienda Física,2,66506.83308316655,Efectivo,3473,133013.6661663331,7.327302418700535,9746.31357820798,123267.35258812513,3.0
2024-11-09,Metropolitana,Hogar,Tienda Física,4,69769.86465297641,Efectivo,4842,279079.45861190563,9.913490902687853,27666.516740761777,251412.94187114385,3.0
2024-04-23,Biobío,Electrónica,Tienda Física,2,41851.35561853309,Tarjeta Crédito,4674,83702.71123706618,0.0,0.0,83702.71123706618,5.0
2024-03-15,Biobío,Ropa,Tienda Física,4,124644.55697090576,Transferencia,1770,498578.22788362304,13.72465523258539,68428.14284176118,430150.08504186186,1.0
2024-08-04,Valparaíso,Hogar,Tienda Física,7,75362.06260134996,Efectivo,2947,527534.4382094496,12.120634214091709,63940.51960873104,463593.9186007186,5.0
2024-10-03,Valparaíso,Deportes,Telefónico,9,83793.84856874829,Transferencia,1702,754144.6371187347,10.79961980535111,81444.75359126812,672699.8835274666,1.0
2024-09-05,Biobío,Ropa,Tienda Física,8,49190.332355612234,Tarjeta Débito,3128,393522.6588448979,5.8900317798267965,23178.609666783872,370344.049178114,3.0
2024-06-12,Metropolitana,Deportes,E-commerce,9,31362.227521707715,Efectivo,1926,282260.04769536946,11.939921083892756,33701.62694618517,248558.4207491843,1.0
2024-12-22,Metropolitana,Electrónica,E-commerce,8,17457.00628940897,Transferencia,1137,139656.05031527177,6.664142843109398,9306.878682054445,130349.17163321732,2.0
2024-07-10,Araucanía,Alimentos,Tienda Física,2,108547.2754341128,Tarjeta Crédito,4504,217094.5508682256,12.86367385961698,27926.334990688825,189168.21587753677,1.0
2024-08-14,Biobío,Ropa,Tienda Física,7,33453.970844739066,Transferencia,3517,234177.79591317347,7.500567585101532,17564.66385176871,216613.13206140476,2.0
2024-06-25,Metropolitana,Alimentos,Tienda Física,2,105060.92635737568,Efectivo,3397,210121.85271475135,9.17048728320901,19269.19778244944,190852.6549323019,2.0
2024-04-08,Antofagasta,Electrónica,Tienda Física,2,61604.584676808314,Tarjeta Débito,2149,123209.16935361663,8.504702023179279,10478.572718759418,112730.59663485721,3.0
2024-02-05,Araucanía,Ropa,E-commerce,4,65287.34614349946,Transferencia,4952,261149.38457399784,13.588139146748567,35485.34175679237,225664.04281720548,1.0
2024-04-05,Metropolitana,Ropa,Tienda Física,1,73030.7369334519,Tarjeta Débito,2940,73030.7369334519,0.0,0.0,73030.7369334519,3.0
2024-05-31,Biobío,Alimentos,Tienda Física,5,58317.733678493765,Tarjeta Crédito,2891,291588.6683924688,6.265444587134081,18269.32644049228,273319.34195197653,2.0
2024-05-30,Biobío,Hogar,E-commerce,6,19589.896697275562,Transferencia,4380,117539.38018365338,10.656448823847885,12525.523897139024,105013.85628651436,2.0
2024-07-08,Valparaíso,Alimentos,Telefónico,9,49896.61245041264,Transferencia,2878,449069.5120537138,6.420616094430622,28833.029366101815,420236.48268761195,5.0
2024-08-11,Valparaíso,Electrónica,E-commerce,8,101241.48230062108,Tarjeta Crédito,2253,809931.8584049686,12.047958361321866,97580.25305571099,712351.6053492576,3.0
2024-02-06,Metropolitana,Alimentos,E-commerce,2,101538.7382129863,Tarjeta Crédito,2483,203077.4764259726,14.050781277944811,28533.97203738334,174543.50438858924,1.0
2024-09-24,Biobío,Alimentos,E-commerce,1,46502.524549799185,Tarjeta Crédito,2368,46502.524549799185,0.11150852449321791,51.8542789775775,46450.67027082161,1.0
2024-07-01,Valparaíso,Alimentos,Tienda Física,2,71714.88085086475,Efectivo,1309,143429.7617017295,9.346076538672534,13405.055307879265,130024.70639385024,1.0
2024-01-13,Araucanía,Ropa,E-commerce,7,33049.84806173094,Efectivo,2043,231348.93643211658,9.880922602649758,22859.409350910828,208489.52708120574,5.0
2024-10-05,Biobío,Hogar,Tienda Física,4,35503.95182182619,Transferencia,4952,142015.80728730475,14.274228364827623,20271.66064634339,121744.14664096136,5.0
2024-08-04,Metropolitana,Deportes,E-commerce,5,8341.827818958074,Transferencia,4632,41709.13909479037,3.047525612247155,1271.0966965615278,40438.04239822884,4.0
2024-12-20,Biobío,Electrónica,E-commerce,7,135028.24973662297,Transferencia,4049,945197.7481563608,10.20991388649357,96503.8761438408,848693.87201252,2.0
2024-12-26,Metropolitana,Ropa,Tienda Física,3,35552.466435861395,Tarjeta Débito,2670,106657.39930758419,9.87598438049561,10533.468096259845,96123.93121132434,1.0
2024-10-12,Biobío,Ropa,E-commerce,2,37992.412155787184,,2564,75984.82431157437,1.839161121604782,1397.4833470581743,74587.34096451619,3.0
2024-09-29,Biobío,Alimentos,Telefónico,7,45542.20773354411,Transferencia,2583,318795.4541348088,10.783291027043042,34376.64160033995,284418.81253446883,4.0
2024-03-02,Metropolitana,Electrónica,Tienda Física,5,23474.170395837205,Tarjeta Crédito,2500,117370.85197918603,11.89229736362952,13958.090735590247,103412.76124359579,1.0
2024-03-24,Valparaíso,Ropa,E-commerce,1,97693.1180612976,Efectivo,3316,97693.1180612976,2.078305007502246,2030.360964653029,95662.75709664458,2.0
2024-08-04,Metropolitana,Alimentos,Tienda Física,1,15895.728210750052,Tarjeta Crédito,4074,15895.728210750052,0.0,0.0,15895.728210750052,4.0
2024-12-07,Metropolitana,Electrónica,E-commerce,9,24459.35181732079,Tarjeta Débito,1769,220134.1663558871,6.068833750870314,13359.576585003082,206774.58977088402,2.0
2024-07-05,Valparaíso,Deportes,Tienda Física,5,98489.72535556347,Tarjeta Débito,1015,492448.6267778173,13.211105277415161,65057.90652080272,427390.7202570146,1.0
2024-01-19,Valparaíso,Electrónica,E-commerce,1,54250.7899698092,Tarjeta Crédito,1605,54250.7899698092,4.1602036960938795,2256.94336948413,51993.84660032507,4.0
2024-06-25,Antofagasta,Hogar,Telefónico,7,107652.43487167242,Tarjeta Débito,2381,753567.0441017069,9.355050274532593,70496.57582802388,683070.4682736831,5.0
2024-04-09,Valparaíso,Electrónica,E-commerce,9,85826.5879771706,Tarjeta Débito,4717,772439.2917945354,5.723485098974855,44210.44776448713,728228.8440300482,5.0
2024-08-20,Metropolitana,Electrónica,E-commerce,1,42123.07009391939,Efectivo,1812,42123.07009391939,1.5491988576383915,652.5701206972182,41470.49997322218,
2024-03-16,Biobío,Deportes,Tienda Física,4,99370.05282095257,Transferencia,4910,397480.21128381026,12.861826691982131,51123.21591024808,346356.9953735622,4.0
2024-09-21,Metropolitana,Hogar,Telefónico,3,21859.683642467695,Tarjeta Débito,4204,65579.05092740309,0.0,0.0,65579.05092740309,1.0
2024-10-10,Antofagasta,Hogar,Tienda Física,5,82779.50554660441,Transferencia,4383,413897.52773302206,8.769499716862722,36296.742522649176,377600.7852103729,5.0
2024-07-24,Biobío,Electrónica,E-commerce,7,68386.47523153003,Tarjeta Crédito,2990,478705.3266207102,6.00367495095054,28739.911783193544,449965.41483751667,2.0
2024-08-10,Araucanía,Ropa,Tienda Física,8,43841.66950852891,Tarjeta Crédito,3529,350733.3560682313,11.337790395432506,39765.41275788202,310967.94331034925,4.0
2024-02-21,Metropolitana,Ropa,Tienda Física,2,92580.72467222752,Tarjeta Débito,1894,185161.44934445503,13.801313534336417,25554.712168749742,159606.7371757053,3.0
2024-12-04,Valparaíso,Hogar,E-commerce,7,131343.37088934096,Tarjeta Crédito,2567,919403.5962253867,13.877535094139864,127590.55672296202,791813.0395024247,4.0
2024-05-23,Valparaíso,Hogar,Tienda Física,1,149841.18146564614,Efectivo,4376,149841.18146564614,14.576634748089731,21841.801724469566,127999.37974117657,5.0
2024-03-09,Araucanía,Alimentos,Tienda Física,7,93125.60146779656,Tarjeta Débito,3316,651879.2102745759,13.67705459766688,89157.87550009342,562721.3347744824,4.0
2024-04-08,Metropolitana,Hogar,Tienda Física,8,63682.35177772967,Tarjeta Débito,1413,509458.8142218374,5.021409193454752,25582.011734200907,483876.80248763645,3.0
2024-01-25,Metropolitana,Ropa,Tienda Física,2,37655.02953134923,Tarjeta Débito,1024,75310.05906269846,0.0,0.0,75310.05906269846,1.0
2024-02-22,Antofagasta,Hogar,Tienda Física,9,42278.932962291205,Tarjeta Crédito,3004,380510.3966606208,8.802411664133903,33494.09153889667,347016.30512172414,2.0
2024-05-30,Valparaíso,Alimentos,Tienda Física,1,74520.97183171603,Tarjeta Crédito,1315,74520.97183171603,0.0,0.0,74520.97183171603,2.0
2024-05-23,Valparaíso,Hogar,Tienda Física,6,58255.26668570284,Tarjeta Débito,1570,349531.600114217,13.18542579905503,46087.22977730984,303444.3703369072,5.0
2024-02-26,Metropolitana,Ropa,Tienda Física,1,137503.10578061693,Transferencia,1724,137503.10578061693,8.662530059984743,11911.24787165856,125591.85790895837,4.0
2024-02-08,Antofagasta,Hogar,E-commerce,3,58402.842810077884,Tarjeta Crédito,4739,175208.52843023365,11.015485063797062,19300.06927973102,155908.45915050263,4.0
2024-04-18,Metropolitana,Deportes,Tienda Física,6,59149.46571608815,Tarjeta Crédito,4055,354896.7942965289,11.06316947374532,39262.833809914315,315633.9604866146,2.0
2024-06-29,Araucanía,Hogar,Telefónico,3,60612.50430292666,Tarjeta Débito,2849,181837.51290878,8.65025304038823,15729.404988958084,166108.1079198219,1.0
2024-02-11,Araucanía,Alimentos,E-commerce,8,126309.93050331043,Transferencia,2299,1010479.4440264835,14.044739272812876,141919.20331888873,868560.2407075947,3.0
2024-07-04,Metropolitana,Hogar,Tienda Física,5,99364.30652280078,Tarjeta Débito,2953,496821.53261400387,10.032283453861176,49842.54441165421,446978.98820234963,2.0
2024-08-10,Biobío,Electrónica,E-commerce,2,94054.48329623944,Tarjeta Crédito,1388,188108.9665924789,9.647842059375009,18148.45599636486,169960.51059611404,5.0
2024-05-01,Metropolitana,Alimentos,E-commerce,4,53450.73824566002,Tarjeta Débito,3769,213802.95298264007,14.97513745661896,32017.286095460753,181785.6668871793,2.0
2024-05-12,Metropolitana,Hogar,Telefónico,9,123596.10564070372,Tarjeta Débito,1443,1112364.9507663336,9.935003640726165,110513.49835679706,1001851.4524095366,1.0
2024-06-11,Araucanía,Alimentos,E-commerce,4,10562.759896576665,Tarjeta Débito,4046,42251.03958630666,4.7152440531881,1992.2396315034748,40258.79995480318,4.0
2024-08-02,Araucanía,Deportes,Tienda Física,8,131265.58998902643,Transferencia,4498,1050124.7199122114,6.783982519285811,71240.27742954351,978884.4424826679,2.0
2024-08-08,Biobío,Alimentos,E-commerce,5,79348.73547011979,Tarjeta Débito,4128,396743.67735059897,10.13069422863438,40192.88882382894,356550.78852677,4.0
2024-08-22,Valparaíso,Electrónica,E-commerce,1,62746.28405519486,Tarjeta Crédito,3744,62746.28405519486,0.8981691318607038,563.5677547733949,62182.71630042147,1.0
2024-11-26,Metropolitana,Alimentos,E-commerce,7,77089.25570406442,Tarjeta Débito,1970,539624.789928451,13.140167355199301,70907.60048674111,468717.18944170984,5.0
2024-05-25,Metropolitana,Hogar,Tienda Física,3,101775.25192740551,Transferencia,4637,305325.75578221655,12.768603268982815,38985.83443385459,266339.921348362,1.0
2024-08-26,Metropolitana,Alimentos,E-commerce,8,6850.986845095117,Efectivo,3768,54807.89476076094,3.313612116840889,1816.121041777977,52991.77371898296,1.0
2024-03-16,Metropolitana,Ropa,Telefónico,3,131375.01918644592,Transferencia,3415,394125.05755933776,12.885817651084711,50786.23623432892,343338.8213250088,2.0
2024-01-09,Metropolitana,Alimentos,Tienda Física,1,69777.23117015196,Tarjeta Débito,2964,69777.23117015196,0.0,0.0,69777.23117015196,2.0
2024-03-14,Valparaíso,Ropa,Tienda Física,5,54730.14535651134,Efectivo,3389,273650.7267825567,12.080237839979118,33057.65864616428,240593.0681363924,5.0
2024-09-09,Metropolitana,Ropa,Tienda Física,2,25045.60701693828,Tarjeta Débito,2828,50091.21403387656,0.0,0.0,50091.21403387656,5.0
2024-08-17,Metropolitana,Electrónica,E-commerce,4,68722.47928197411,Transferencia,4923,274889.91712789645,7.542178290666882,20732.68765285239,254157.22947504406,5.0
2024-01-07,Valparaíso,Alimentos,E-commerce,1,76966.80183623494,Efectivo,1303,76966.80183623494,3.3605253350688233,2586.4888752988913,74380.31296093605,4.0
2024-06-22,Araucanía,Hogar,E-commerce,9,63528.77070155428,Efectivo,1763,571758.9363139885,13.620840858402314,77878.3748090222,493880.56150496635,5.0
2024-05-20,Metropolitana,Ropa,Tienda Física,6,103405.71360490007,Tarjeta Débito,4445,620434.2816294004,13.93443465376265,86454.00954319054,533980.2720862099,2.0
2024-06-16,Antofagasta,Alimentos,E-commerce,8,66029.99667008777,Tarjeta Débito,2973,528239.9733607022,6.94152696618549,36667.92019700419,491572.05316369794,1.0
2024-06-18,Araucanía,Ropa,Tienda Física,4,144405.54878775313,Transferencia,1815,577622.1951510125,6.304556365513939,36416.5168730145,541205.678277998,5.0
2024-10-09,Metropolitana,Electrónica,Tienda Física,9,91895.24008442082,Tarjeta Débito,3159,827057.1607597873,14.75604968589112,122040.96557243461,705016.1951873527,4.0
2024-05-01,Araucanía,Ropa,E-commerce,2,122084.3006695268,Efectivo,1877,244168.6013390536,13.683239636503679,33410.17483832203,210758.42650073156,4.0
2024-07-12,Biobío,Hogar,Telefónico,9,20856.605950874433,Tarjeta Crédito,4077,187709.45355786989,13.932361472099467,26152.359586985105,161557.09397088477,4.0
2024-01-05,Biobío,Ropa,Telefónico,5,62607.237477156326,Tarjeta Crédito,3977,313036.1873857816,13.863763846243952,43398.597772450456,269637.58961333113,2.0
2024-01-29,Valparaíso,Electrónica,Telefónico,6,53842.91670983714,Transferencia,1702,323057.5002590228,10.416868240337283,33652.47414250969,289405.0261165131,4.0
2024-06-13,Valparaíso,Electrónica,Tienda Física,3,87574.94627980581,Tarjeta Débito,3893,1904310.634065122,11.464017366657997,30118.821151075048,2246883.921237936,2.0
2024-12-04,Valparaíso,Hogar,Tienda Física,4,129861.46040890671,Transferencia,1943,519445.84163562686,10.453628521336416,54300.93865411788,465144.902981509,5.0
2024-05-15,Valparaíso,Alimentos,E-commerce,6,16359.041575490966,Tarjeta Crédito,3326,98154.2494529458,1.260975807139591,1237.701339281091,96916.54811366471,5.0
2024-12-30,Biobío,Electrónica,Telefónico,7,15523.345716483063,Tarjeta Crédito,3429,108663.42001538145,5.512063491903291,5989.596703721374,102673.82331166007,5.0
2024-11-16,Biobío,Hogar,Tienda Física,1,128296.06768285183,Tarjeta Débito,4923,128296.06768285183,12.455030853527727,15979.314813762012,112316.75286908982,3.0
2024-12-07,Valparaíso,Deportes,Tienda Física,7,35863.26247556183,Efectivo,3060,251042.83732893283,10.053320333358803,25238.140610630468,225804.69671830235,3.0
2024-05-24,Biobío,Electrónica,Tienda Física,1,101969.22189522299,Tarjeta Débito,1302,101969.22189522299,11.477090747902299,11703.100131844603,90266.12176337838,2.0
2024-11-22,Metropolitana,Ropa,E-commerce,5,83717.32919231676,Tarjeta Crédito,2579,418586.64596158377,10.026398049755354,41969.163307228584,376617.4826543552,1.0
2024-08-04,Metropolitana,Alimentos,Tienda Física,6,125769.57125864827,Efectivo,4688,754617.4275518896,9.918113223224559,74843.81086678096,679773.6166851086,3.0
2024-10-27,Araucanía,Deportes,Tienda Física,2,23137.891926278513,Transferencia,1159,46275.783852557026,0.0,0.0,46275.783852557026,2.0
2024-05-11,Metropolitana,Alimentos,Tienda Física,9,23818.530029778634,Tarjeta Crédito,3201,214366.7702680077,6.717891094777668,14400.926169996992,199965.8440980107,4.0
2024-10-18,Metropolitana,Alimentos,Tienda Física,6,85738.66224035459,Transferencia,3801,514431.9734421276,7.787137151411489,40059.5233226512,474372.45011947636,5.0
2024-03-10,Metropolitana,Alimentos,E-commerce,7,142224.90473696377,Efectivo,3228,995574.3331587464,6.588526919439558,65593.68294319487,929980.6502155515,5.0
2024-09-08,Metropolitana,Hogar,Tienda Física,8,65174.67496375937,Transferencia,4597,521397.39971007494,6.956662956253425,36271.859760499385,485125.53994957556,5.0
2024-10-01,Antofagasta,Alimentos,E-commerce,1,52406.60453693077,Tarjeta Crédito,2203,52406.60453693077,1.6237530448360098,850.9538368635799,51555.65070006719,2.0
2024-12-29,Biobío,Electrónica,E-commerce,8,92969.95186369344,Tarjeta Débito,3424,743759.6149095475,14.729773804203049,109554.10892318802,634205.5059863594,4.0
2024-06-30,Antofagasta,Deportes,E-commerce,4,139915.04707902952,Transferencia,4875,559660.1883161181,6.5311344577219845,36552.15940526574,523108.0289108523,4.0
2024-06-15,Biobío,Hogar,Tienda Física,8,126354.53576247043,Tarjeta Crédito,3823,1010836.2860997635,7.692704243052076,77760.64587110652,933075.6402286569,4.0
2024-03-31,Valparaíso,Ropa,Telefónico,6,149345.1235563169,Tarjeta Crédito,2191,896070.7413379013,10.90589657738585,97724.5483105262,798346.1930273751,5.0
2024-07-20,Metropolitana,Hogar,E-commerce,9,8272.444564344678,Efectivo,4285,74452.0010791021,4.173992462899702,3107.6209135197264,71344.38016558238,2.0
2024-12-11,Biobío,Alimentos,Telefónico,4,21364.430983350525,Tarjeta Crédito,2173,85457.7239334021,0.0,0.0,85457.7239334021,4.0
2024-01-19,Metropolitana,Electrónica,Telefónico,2,93372.82568816018,Tarjeta Débito,3063,186745.65137632037,11.101785762366418,20732.102136334765,166013.54923998562,5.0
2024-02-08,Antofagasta,Alimentos,Tienda Física,2,123983.5837034082,Tarjeta Débito,2114,247967.1674068164,6.53974129743829,16216.411250991512,231750.7561558249,1.0
2024-05-05,Araucanía,Alimentos,Tienda Física,5,46360.42963448115,Transferencia,2143,231802.14817240575,12.937174257852124,29988.647842508715,201813.50032989704,5.0
2024-06-21,Metropolitana,Electrónica,Tienda Física,9,39685.60776496172,Transferencia,2979,357170.4698846555,12.85202867912825,45903.65122295305,311266.81866170245,3.0
2024-05-20,Antofagasta,Alimentos,E-commerce,3,119111.49091027412,Transferencia,1252,357334.4727308224,7.373177042038911,26346.903306679793,330987.5694241426,5.0
2024-08-29,Araucanía,Alimentos,Tienda Física,8,13175.36880871858,Transferencia,4131,105402.95046974864,7.886663026754604,8312.775523806135,97090.1749459425,3.0
2024-08-07,Biobío,Ropa,Tienda Física,4,58560.48389947484,Tarjeta Débito,4337,234241.93559789937,14.37987865459497,33683.706097152426,200558.22950074694,1.0
2024-05-05,Metropolitana,Hogar,Tienda Física,6,78342.33727588781,Efectivo,2432,470054.02365532686,13.25671445979478,62313.71972276289,407740.303932564,1.0
2024-02-27,Valparaíso,Hogar,Tienda Física,6,86250.5577807969,Transferencia,3078,517503.34668478137,11.977970330625238,61986.397325895785,455516.9493588856,3.0
2024-05-27,Valparaíso,Electrónica,Tienda Física,3,110649.19773495264,Efectivo,4092,331947.5932048579,5.822332215106005,19327.091656435474,312620.50154842244,4.0
2024-11-12,Metropolitana,Hogar,Tienda Física,5,56452.62989744544,Tarjeta Crédito,1730,282263.1494872272,9.182640809025758,25919.211153655502,256343.9383335717,1.0
2024-12-26,Metropolitana,Deportes,Tienda Física,3,93839.22997781805,Tarjeta Crédito,4664,281517.68993345415,10.59301872076827,29821.221596925174,251696.46833652898,1.0
2024-01-01,Araucanía,Electrónica,Tienda Física,1,89879.43630468867,Transferencia,3336,89879.43630468867,0.0,0.0,89879.43630468867,5.0
2024-12-13,Metropolitana,Alimentos,Tienda Física,7,84404.33459479333,Tarjeta Crédito,4614,590830.3421635532,6.874112879837769,40614.344648654376,550215.9975148989,2.0
2024-07-08,Biobío,Hogar,Tienda Física,4,97870.07750562076,Efectivo,1497,391480.31002248306,9.482265821082246,37121.20363352873,354359.10638895433,1.0
2024-07-09,Antofagasta,Ropa,E-commerce,7,42620.12980487107,Efectivo,4817,298340.9086340975,11.0102587748869,32848.106071963026,265492.80256213446,3.0
2024-11-07,Araucanía,Alimentos,E-commerce,3,17274.0692697712,Tarjeta Crédito,4545,51822.2078093136,3.8090262747747623,1973.9215116251337,49848.286297688464,5.0
2024-04-26,Metropolitana,Alimentos,Tienda Física,5,22294.392445762798,Transferencia,2428,111471.962228814,8.273766801153993,9222.930203482532,102249.03202533146,5.0
2024-05-13,Araucanía,Hogar,Tienda Física,5,37564.44548481566,Efectivo,1547,187822.2274240783,12.809448189504872,24058.99091026132,163763.23651381698,4.0
2024-02-27,Metropolitana,Ropa,E-commerce,2,77528.70065080386,Efectivo,1960,155057.40130160772,13.404495816388055,20784.662870474043,134272.73843113368,5.0
2024-02-13,Metropolitana,Hogar,E-commerce,2,126864.19882917292,Tarjeta Débito,1131,253728.39765834584,8.236094694340707,20897.31109757471,232831.08656077113,1.0
2024-06-21,Biobío,Electrónica,E-commerce,4,106687.5346028157,Transferencia,2347,426750.1384112628,13.386571544924571,57127.21259648833,369622.92581477447,1.0
2024-06-08,Valparaíso,Hogar,E-commerce,4,119410.88760929683,Tarjeta Débito,1857,477643.5504371873,6.03576566103015,28829.445399412976,448814.1050377743,1.0
2024-06-21,Valparaíso,Ropa,Tienda Física,4,55891.46546928325,Tarjeta Crédito,2155,223565.861877133,13.377290986226564,29907.05588916944,193658.80598796354,1.0
2024-11-12,Biobío,Hogar,Tienda Física,6,63674.79253903977,Tarjeta Crédito,3032,382048.75523423863,6.527504316676166,24938.248989722484,357110.5062445162,2.0
2024-10-29,Metropolitana,Alimentos,Tienda Física,2,62083.873468638856,Tarjeta Débito,1520,124167.74693727771,5.82927152509726,7238.075115569554,116929.67182170815,2.0
2024-05-28,Metropolitana,Hogar,Telefónico,6,32821.61173865272,Transferencia,1029,1827654.6180183054,11.417754044410113,22484.945410383632,1360147.366529324,1.0
2024-03-20,Valparaíso,Ropa,E-commerce,7,13876.415430817944,Efectivo,3674,97134.90801572561,1.6454794015737977,1598.3349031364205,95536.57311258919,5.0
2024-07-31,Araucanía,Hogar,E-commerce,3,90682.83345994788,Tarjeta Crédito,4372,272048.50037984364,9.719373657552943,26441.41028168634,245607.0900981573,4.0
2024-07-21,Biobío,Alimentos,Tienda Física,8,148436.41909598498,Transferencia,3051,1187491.3527678798,14.078906004128328,167185.79136334173,1020305.5614045381,3.0
2024-09-08,Metropolitana,Alimentos,E-commerce,2,29190.30721778811,Transferencia,4396,58380.61443557622,2.669782734674669,1558.6355645980016,56821.97887097822,4.0
2024-08-16,Valparaíso,Ropa,Tienda Física,8,11769.298885394695,Tarjeta Crédito,1508,94154.39108315756,0.0,0.0,94154.39108315756,3.0
2024-06-12,Metropolitana,Alimentos,Tienda Física,5,118032.09386447028,Tarjeta Crédito,2260,590160.4693223514,8.631891960908492,50942.01410789588,539218.4552144555,3.0
2024-08-14,Metropolitana,Hogar,Tienda Física,2,41624.97096928501,Transferencia,2558,83249.94193857002,0.0,0.0,83249.94193857002,1.0
2024-05-26,Araucanía,Ropa,E-commerce,7,125298.35177617462,Efectivo,1015,877088.4624332223,7.871522634376287,69040.21684393406,808048.2455892883,2.0
2024-01-20,Metropolitana,Hogar,Tienda Física,2,107070.81672000473,Tarjeta Débito,4605,214141.63344000946,10.007349061441984,21429.90074421532,192711.73269579414,1.0
2024-02-16,Metropolitana,Hogar,E-commerce,6,142122.66287236667,Tarjeta Crédito,1996,852735.9772342,9.559461857686614,81516.97049047456,771219.0067437254,2.0
2024-08-20,Biobío,Alimentos,Tienda Física,3,64294.44918471744,Tarjeta Débito,2607,192883.34755415234,8.444280462171882,16287.610832298373,176595.73672185396,4.0
2024-10-31,Biobío,Alimentos,E-commerce,9,100985.62672034196,Transferencia,2839,908870.6404830776,11.937412986983286,108495.64187190509,800374.9986111725,3.0
2024-01-14,Biobío,Electrónica,E-commerce,3,72403.94321792426,Tarjeta Débito,4517,217211.82965377276,12.595618339139083,27359.173050650148,189852.6566031226,5.0
2024-05-22,Metropolitana,Ropa,Tienda Física,3,96435.3611097388,Efectivo,3016,289306.0833292164,13.529839690301365,39142.64928873266,250163.43404048373,1.0
2024-01-01,Metropolitana,Ropa,E-commerce,5,70191.8413711219,Transferencia,4574,350959.20685560955,14.728566047103428,51691.258580118796,299267.9482754908,4.0
2024-02-23,Metropolitana,Electrónica,E-commerce,7,32351.67573149085,Efectivo,4003,226461.73012043594,7.666561921325044,17361.828767787232,209099.9013526487,5.0
2024-09-15,Metropolitana,Electrónica,E-commerce,8,78645.12532049023,Transferencia,2253,629161.0025639219,12.160934824899616,76511.85946548355,552649.1430984383,2.0
2024-05-23,Biobío,Hogar,E-commerce,7,81644.70920842914,Efectivo,4178,571512.964459004,8.942582354957452,51108.017516005144,520404.94694299885,2.0
2024-01-12,Araucanía,Electrónica,E-commerce,9,122537.55799772336,Transferencia,2743,1102838.0219795103,11.770819719511081,129813.07536543015,973024.9466140801,2.0
2024-11-25,Biobío,Electrónica,Tienda Física,5,111650.50234006927,Efectivo,4460,558252.5117003464,9.759816903492204,54484.42300110021,503768.0886992462,2.0
2024-08-11,Araucanía,Hogar,E-commerce,3,101249.78547150939,Transferencia,4791,303749.35641452816,14.937731027679316,45373.261859509206,258376.09455501894,5.0
2024-09-28,Valparaíso,Hogar,Tienda Física,6,21441.128855123017,Efectivo,3310,128646.7731307381,12.2890213579075,15809.429426295212,112837.34370444289,4.0
2024-12-23,Biobío,Alimentos,Tienda Física,5,109489.36214623868,Transferencia,4634,547446.8107311934,14.524913004343246,79516.17300375746,467930.6377274359,5.0
2024-06-04,Valparaíso,Ropa,Tienda Física,4,77544.24767140465,Efectivo,2088,310176.9906856186,13.349695494811858,41407.68375150103,268769.3069341176,2.0
2024-01-08,Valparaíso,Deportes,E-commerce,2,134644.4327353931,Tarjeta Crédito,3312,269288.8654707862,14.02901011163371,37778.56216640029,231510.3033043859,3.0
2024-05-01,Valparaíso,Hogar,E-commerce,7,138381.2854489287,Tarjeta Débito,2361,968668.998142501,13.14419197214675,127323.71269052096,841345.2854519801,4.0
2024-12-13,Metropolitana,Alimentos,Tienda Física,5,12997.705637258892,Transferencia,4372,64988.52818629446,0.0,0.0,64988.52818629446,1.0
2024-06-12,Valparaíso,Alimentos,E-commerce,4,123993.02625139942,Efectivo,1377,495972.1050055977,9.591591303759113,47571.61729278792,448400.48771280976,1.0
2024-03-30,Antofagasta,Ropa,Telefónico,8,10466.121611287239,Tarjeta Crédito,2198,83728.97289029791,0.0,0.0,83728.97289029791,4.0
2024-05-15,Metropolitana,Hogar,Tienda Física,9,58239.59572577829,Transferencia,4010,524156.36153200455,7.517884533468844,39405.47003480761,484750.8914971969,4.0
2024-07-04,Metropolitana,Alimentos,Tienda Física,9,83633.49646505648,Transferencia,4223,752701.4681855083,8.703201754505223,65509.12738530773,687192.3408002006,4.0
2024-11-11,Valparaíso,Electrónica,E-commerce,3,26474.61580093348,Transferencia,1475,79423.84740280044,0.3084014812654773,244.94432186826887,79178.90308093217,1.0
2024-06-26,Araucanía,Hogar,Tienda Física,3,113215.50282251614,Tarjeta Débito,2289,339646.5084675484,5.202362326399505,17669.64199944704,321976.8664681014,5.0
2024-01-28,Biobío,Ropa,E-commerce,5,6211.432104960093,Efectivo,1328,31057.160524800463,1.0437294119931462,324.1527189272674,30733.007805873196,3.0
2024-08-07,Biobío,Ropa,Tienda Física,5,29446.86202293534,Efectivo,2839,147234.31011467671,10.239931674646671,15076.692757380288,132157.61735729643,1.0
2024-12-22,Metropolitana,Electrónica,Tienda Física,2,89215.54032875398,Transferencia,2186,178431.08065750796,10.050578002704087,17933.354942550683,160497.72571495728,
2024-02-10,Biobío,Deportes,E-commerce,1,108586.19649540739,Transferencia,1437,108586.19649540739,10.252504648304882,11132.804843109116,97453.39165229828,5.0
2024-08-15,Metropolitana,Ropa,E-commerce,8,137913.24989061785,Transferencia,4414,1103305.9991249428,14.740312249720638,162630.74934091663,940675.2497840262,3.0
2024-07-10,Araucanía,Ropa,E-commerce,3,107297.01453052046,Tarjeta Crédito,2390,321891.0435915614,14.114540034548392,45433.440215356546,276457.60337620485,1.0
2024-05-24,Biobío,Deportes,E-commerce,1,102407.99418695556,Transferencia,4536,102407.99418695556,6.61712778330108,6776.467835666392,95631.52635128917,5.0
2024-07-19,Metropolitana,Hogar,E-commerce,1,62179.46622084633,Tarjeta Débito,2773,62179.46622084633,2.4291027943019956,1510.4031514526437,60669.063069393684,1.0
2024-07-30,Metropolitana,Deportes,E-commerce,2,5186.241701386205,Efectivo,2222,10372.48340277241,0.42986867639605797,44.588057112898554,10327.895345659512,2.0
2024-08-07,Metropolitana,Ropa,Tienda Física,6,22423.092516665183,Tarjeta Débito,2523,134538.5550999911,8.688825215558893,11689.81990017662,122848.73519981447,4.0
2024-08-27,Valparaíso,Electrónica,E-commerce,6,82510.40898962568,Transferencia,3063,495062.45393775403,9.23956179463262,45741.60135360343,449320.8525841506,3.0
2024-02-15,Metropolitana,Alimentos,Tienda Física,3,102893.83344744085,Tarjeta Crédito,2844,308681.5003423225,8.605329178516477,26563.05921764032,282118.4411246822,3.0
2024-02-04,Biobío,Ropa,E-commerce,4,65530.00116498706,Transferencia,2319,262120.00465994823,12.98495963603913,34036.17680307817,228083.82785687008,
2024-09-09,Valparaíso,Alimentos,Tienda Física,2,110948.45667161659,Transferencia,1867,221896.91334323317,10.24037669867587,22723.07980908144,199173.83353415172,1.0
2024-03-22,Metropolitana,Deportes,E-commerce,2,80670.03282316592,Transferencia,3558,161340.06564633184,10.72099816971625,17297.265484962234,144042.8001613696,5.0
2024-09-12,Metropolitana,Alimentos,Tienda Física,7,15755.54836117527,Transferencia,2811,110288.83852822689,13.530135589879254,14922.22939337209,95366.60913485479,3.0
2024-07-15,Metropolitana,Ropa,E-commerce,1,32842.35639035258,Transferencia,1983,32842.35639035258,4.216661774459688,1384.8510877438157,31457.505302608763,1.0
2024-10-29,Araucanía,Alimentos,E-commerce,7,126799.74237037172,Efectivo,2262,887598.1965926021,13.059281534153586,115913.94738509793,771684.2492075041,2.0
2024-01-10,Metropolitana,Ropa,Tienda Física,1,110112.34826054373,Tarjeta Débito,3628,110112.34826054373,6.322115228202997,6961.429537511754,103150.91872303198,2.0
2024-11-07,Biobío,Hogar,E-commerce,6,134740.4881168118,Tarjeta Crédito,2324,808442.9287008707,12.139145840836342,98138.06615492726,710304.8625459435,4.0
2024-10-12,Araucanía,Alimentos,Tienda Física,3,22045.801122535802,Transferencia,3053,66137.4033676074,0.0,0.0,66137.4033676074,4.0
2024-08-29,Biobío,Electrónica,E-commerce,8,148582.26751918573,Tarjeta Crédito,4291,1188658.1401534858,9.354361289020355,111191.37692130699,1077466.7632321788,1.0
2024-09-07,Araucanía,Alimentos,E-commerce,6,35363.97352274037,Efectivo,2018,212183.84113644224,7.9464890306250044,16861.16566066617,195322.67547577608,1.0
2024-12-30,Valparaíso,Alimentos,Tienda Física,2,6708.082061563091,Tarjeta Débito,2789,13416.164123126182,0.0,0.0,13416.164123126182,4.0
2024-01-05,Antofagasta,Alimentos,Telefónico,8,149626.32616276536,Transferencia,4524,1197010.6093021228,5.5001882090218635,65837.83639357613,1131172.7729085467,5.0
2024-04-28,Metropolitana,Ropa,Tienda Física,5,45755.71338954141,Efectivo,4504,228778.56694770703,9.87249560345451,22586.153963558612,206192.41298414842,4.0
2024-10-15,Metropolitana,Alimentos,Tienda Física,8,101862.82061432119,Efectivo,1806,814902.5649145695,8.554366807245314,69709.75452444263,745192.8103901269,5.0
2024-03-05,Biobío,Ropa,Telefónico,8,30618.935555564254,Tarjeta Débito,2893,244951.48444451403,7.515130396764008,18408.423464814336,226543.0609796997,3.0
2024-05-25,Antofagasta,Alimentos,Tienda Física,6,89133.13716887555,Transferencia,2409,534798.8230132533,11.946717295969576,63890.90348756604,470907.91952568723,3.0
2024-08-11,Araucanía,Electrónica,Telefónico,2,136085.0730359111,Tarjeta Débito,3666,272170.1460718222,12.694853873155871,34551.60233017271,237618.54374164948,5.0
2024-08-26,Metropolitana,Electrónica,Telefónico,8,51426.269277123596,Tarjeta Débito,2318,411410.15421698877,7.447895190294248,30641.39708830925,380768.75712867954,4.0
2024-06-25,Metropolitana,Hogar,Tienda Física,6,102186.82652643208,Tarjeta Crédito,2141,613120.9591585925,5.494474366793472,33687.77393840714,579433.1852201853,3.0
2024-09-23,Antofagasta,Ropa,E-commerce,6,32246.020375770393,Tarjeta Crédito,1404,193476.12225462234,13.48752700565235,26095.144238581146,167380.9780160412,3.0
2024-12-06,Metropolitana,Ropa,Tienda Física,8,95595.33281421516,Tarjeta Débito,4751,764762.6625137213,5.099597412043034,38999.816945821134,725762.8455679001,3.0
2024-10-08,Araucanía,Alimentos,Tienda Física,1,53785.30101353897,Tarjeta Crédito,4044,53785.30101353897,0.0,0.0,53785.30101353897,4.0
2024-03-03,Araucanía,Hogar,Tienda Física,2,35625.19749525299,Efectivo,2786,71250.39499050599,0.0,0.0,71250.39499050599,4.0
2024-08-04,Valparaíso,Ropa,Tienda Física,9,50411.397352027096,Tarjeta Débito,1593,453702.5761682439,14.37112493921472,65202.16407357415,388500.41209466977,2.0
2024-12-07,Valparaíso,Electrónica,Tienda Física,8,30931.954933630906,Transferencia,3613,247455.63946904725,11.27619873982706,27903.589699439697,219552.04976960755,5.0
2024-11-10,Valparaíso,Hogar,Tienda Física,7,135777.835636493,Transferencia,3799,950444.8494554509,8.218466352013202,78111.99014693877,872332.8593085122,1.0
2024-10-09,Metropolitana,Ropa,Telefónico,7,62592.09851598368,Efectivo,4949,438144.68961188575,7.464779095767362,32706.533199362842,405438.1564125229,5.0
2024-06-25,Antofagasta,Electrónica,E-commerce,5,40565.499221283266,Transferencia,1011,202827.49610641634,5.090056642644752,10324.034438674671,192503.46166774168,4.0
2024-04-07,Valparaíso,Hogar,E-commerce,2,70019.13694731027,Transferencia,4280,140038.27389462054,7.354714170108771,10299.414773703389,129738.85912091714,5.0
2024-04-14,Antofagasta,Electrónica,E-commerce,6,51477.744186941854,Tarjeta Débito,3212,308866.4651216511,6.377283015171411,19697.28861976339,289169.17650188773,5.0
2024-04-08,Metropolitana,Electrónica,E-commerce,3,112940.79180293226,Efectivo,3925,338822.37540879677,11.121662207231456,37682.68007548404,301139.69533331273,5.0
2024-11-06,Antofagasta,Ropa,Tienda Física,4,145826.88722339668,Tarjeta Débito,2317,583307.5488935867,6.665455885938013,38880.10735084834,544427.4415427384,3.0
2024-01-06,Valparaíso,Electrónica,E-commerce,2,68514.88022115879,Efectivo,4982,137029.76044231758,10.286298375366194,14095.290022146299,122934.47042017127,3.0
2024-07-15,Metropolitana,Alimentos,Telefónico,2,129849.84299597486,Tarjeta Débito,2542,259699.68599194972,10.901164223444708,28310.28925775267,231389.39673419704,5.0
2024-12-16,Metropolitana,Alimentos,Tienda Física,8,87050.14566614483,Tarjeta Débito,3125,696401.1653291587,7.980416983469145,55575.716871005214,640825.4484581534,5.0
2024-05-12,Araucanía,Ropa,E-commerce,8,27799.171438663856,Tarjeta Crédito,4505,222393.37150931085,5.3506494901871875,11899.489798873039,210493.8817104378,5.0
2024-12-23,Biobío,Deportes,E-commerce,6,105140.29760179452,Transferencia,4648,630841.7856107671,5.372538806141961,33892.21973729733,596949.5658734697,1.0
2024-09-15,Araucanía,Ropa,Telefónico,5,79448.00208324392,Efectivo,1613,397240.0104162196,5.263473321939176,20908.62197232612,376331.38844389346,2.0
2024-01-23,Metropolitana,Ropa,E-commerce,8,99337.945871555,Transferencia,2986,794703.56697244,12.391246671365462,98473.67928969506,696229.8876827449,2.0
2024-02-22,Metropolitana,Deportes,Tienda Física,4,134004.67482289142,Tarjeta Crédito,1868,536018.6992915657,8.180097048142981,43846.84979824377,492171.8494933219,2.0
2024-06-13,Valparaíso,Electrónica,Tienda Física,4,68863.01274512667,Efectivo,1811,275452.0509805067,12.963001859676636,35706.854491120524,239745.19648938617,2.0
2024-07-20,Valparaíso,Deportes,Tienda Física,5,135670.75536651656,Tarjeta Crédito,2822,678353.7768325828,9.317328238428491,63204.448005268416,615149.3288273143,2.0
2024-03-23,Valparaíso,Electrónica,E-commerce,1,113847.00707083996,Transferencia,4754,113847.00707083996,9.52998100829964,10849.598152368597,102997.40891847137,2.0
2024-05-24,Antofagasta,Hogar,Tienda Física,1,75847.7142523078,Tarjeta Débito,4148,75847.7142523078,0.0,0.0,75847.7142523078,5.0
2024-03-25,Antofagasta,Electrónica,E-commerce,2,92467.20967040473,Tarjeta Crédito,4119,184934.41934080946,10.128826025095737,18731.685595551593,166202.73374525786,2.0
2024-03-18,Antofagasta,Alimentos,Tienda Física,8,52209.26421525666,Tarjeta Crédito,1766,417674.1137220533,12.130314563751039,50665.18384584431,367008.929876209,2.0
2024-01-01,Araucanía,Ropa,Tienda Física,7,147621.60846212227,Tarjeta Débito,1081,1033351.2592348559,7.735028658297071,79930.01604268975,953421.2431921661,5.0
2024-02-20,Valparaíso,Alimentos,Tienda Física,9,101765.91864230741,Transferencia,4966,915893.2677807667,6.215873495335269,56930.76687754476,858962.5009032219,1.0
2024-06-21,Valparaíso,Hogar,E-commerce,5,11357.793612011334,Tarjeta Crédito,2744,56788.968060056664,3.590031050538239,2038.7415866362774,54750.226473420385,1.0
2024-07-23,Valparaíso,Hogar,Tienda Física,2,52360.17633346127,Transferencia,3256,104720.35266692254,10.560573351914615,11059.069657774027,93661.28300914851,1.0
2024-09-16,Araucanía,Electrónica,Tienda Física,7,95380.59289506334,Tarjeta Débito,4516,667664.1502654434,8.269776232427393,55214.33121108996,612449.8190543534,1.0
2024-10-14,Metropolitana,Hogar,Tienda Física,8,13168.32528088977,Efectivo,4667,105346.60224711816,9.424913136680374,9928.825754235062,95417.7764928831,3.0
2024-02-03,Valparaíso,Deportes,Tienda Física,7,8463.2077412757,Tarjeta Crédito,1521,59242.45418892991,0.0,0.0,59242.45418892991,4.0
2024-12-13,Metropolitana,Hogar,Tienda Física,7,70253.51473153138,Transferencia,4100,491774.60312071966,11.469467083373054,56403.92622931942,435370.67689140025,3.0
2024-04-04,Valparaíso,Alimentos,E-commerce,5,53240.07605543715,Tarjeta Débito,2327,266200.38027718576,9.941257411412707,26463.66503351454,239736.7152436712,1.0
2024-03-12,Antofagasta,Alimentos,E-commerce,2,68553.29816480906,Tarjeta Débito,1993,137106.59632961813,11.202788171008429,15359.761555286737,121746.8347743314,5.0
2024-02-08,Araucanía,Hogar,Tienda Física,6,43090.52993260075,Tarjeta Crédito,3512,258543.1795956045,10.442000021136279,26997.07886801943,231546.1007275851,2.0
2024-06-02,Metropolitana,Ropa,E-commerce,4,28884.073306732233,Efectivo,2525,115536.29322692893,12.397963719360991,14324.147716969179,101212.14550995975,3.0
2024-09-06,Antofagasta,Electrónica,Telefónico,2,104925.78676214897,Tarjeta Crédito,2469,209851.57352429794,12.0593661771162,25306.76967973532,184544.80384456262,2.0
2024-06-10,Biobío,Electrónica,E-commerce,9,79612.81185883108,Transferencia,3675,716515.3067294797,10.341898918086192,74101.28875457802,642414.0179749017,4.0
2024-04-27,Metropolitana,Electrónica,E-commerce,7,34022.36063115819,Tarjeta Débito,2513,238156.52441810732,11.789030208597069,28076.344607395527,210080.1798107118,3.0
2024-09-15,Metropolitana,Ropa,E-commerce,6,51340.466807699755,Efectivo,1780,308042.8008461985,13.735596022726128,42311.5147013246,265731.28614487394,3.0
2024-11-01,Metropolitana,Hogar,Telefónico,5,90812.14661118225,Transferencia,2451,454060.73305591126,9.322712877881685,42330.77843400742,411729.95462190383,1.0
2024-09-24,Metropolitana,Ropa,E-commerce,3,15473.255499509287,Tarjeta Crédito,1558,46419.76649852786,4.718168353242474,2190.1627325825934,44229.60376594527,5.0
2024-02-23,Antofagasta,Ropa,Tienda Física,4,26380.686343596033,Tarjeta Débito,4430,105522.74537438413,9.127630727487936,9631.726531281141,95891.018843103,1.0
2024-08-23,Valparaíso,Hogar,E-commerce,3,15620.612595571567,Tarjeta Crédito,4007,46861.8377867147,3.467334529820136,1624.856682887059,45236.98110382764,1.0
2024-08-09,Antofagasta,Ropa,E-commerce,8,122786.01324354723,Efectivo,3138,982288.1059483779,12.6424562085238,124185.34363606155,858102.7623123163,1.0
2024-09-07,Metropolitana,Alimentos,Tienda Física,3,114099.33881574134,Efectivo,3037,342298.016447224,10.82553837041994,37055.6031116806,305242.4133355434,5.0
2024-11-08,Metropolitana,Electrónica,Tienda Física,7,114230.37512249227,Efectivo,4124,799612.6258574459,5.710067802225885,45658.42309161895,753954.202765827,1.0
2024-04-21,Valparaíso,Electrónica,E-commerce,7,108867.17480402406,Efectivo,2753,762070.2236281685,13.921120156910813,106088.71151131627,655981.5121168522,3.0
2024-09-11,Metropolitana,Alimentos,E-commerce,7,102060.88643213104,Efectivo,1859,714426.2050249173,5.307831022376401,37920.53574229899,676505.6692826182,3.0
2024-10-29,Valparaíso,Hogar,Tienda Física,7,74163.82772983538,Tarjeta Crédito,2612,519146.7941088476,12.483963562097431,64810.09661034551,454336.6974985021,5.0
2024-07-25,Antofagasta,Ropa,E-commerce,2,98130.33370853167,Efectivo,4275,196260.66741706335,12.587941427043129,24705.177858783853,171555.48955827949,1.0
2024-08-16,Valparaíso,Hogar,Tienda Física,3,10562.425444256325,Efectivo,1555,31687.276332768975,0.0,0.0,31687.276332768975,5.0
2024-12-06,Biobío,Hogar,Tienda Física,9,95112.34128523376,Tarjeta Débito,1155,856011.0715671038,14.531110852819305,124387.91772182225,731623.1538452816,2.0
2024-03-06,Metropolitana,Electrónica,E-commerce,3,117792.26730284719,Efectivo,3049,353376.8019085416,5.5413440840232076,19581.824506869376,333794.9774016722,5.0
2024-03-15,Metropolitana,Hogar,Tienda Física,2,77551.96225573658,Tarjeta Débito,2380,155103.92451147316,10.96856860784491,17012.680373500913,138091.24413797224,3.0
2024-04-12,Metropolitana,Ropa,Tienda Física,9,56839.43262194935,Tarjeta Débito,1824,511554.8935975442,9.27840570627053,47464.13843826067,464090.7551592835,1.0
2024-07-10,Biobío,Hogar,Telefónico,9,45226.876546141975,Tarjeta Débito,2592,407041.8889152778,8.306329548595421,33810.24069413067,373231.64822114713,5.0
2024-09-08,Metropolitana,Alimentos,Tienda Física,4,98206.29727350196,Tarjeta Crédito,3849,392825.18909400783,5.90318560299073,23189.200007518582,369635.98908648925,2.0
2024-08-13,Valparaíso,Alimentos,Tienda Física,9,105456.17380133677,Tarjeta Crédito,4030,949105.564212031,10.626541196713092,100857.0937812877,848248.4704307433,4.0
2024-10-20,Biobío,Ropa,Telefónico,3,131290.30198006867,Transferencia,2081,393870.905940206,9.790407256746136,38561.56575738167,355309.34018282435,1.0
2024-11-01,Valparaíso,Alimentos,E-commerce,7,54638.44195684366,Transferencia,4325,382469.0936979056,6.045544581510242,23122.33957000506,359346.7541279005,3.0
2024-04-07,Metropolitana,Hogar,E-commerce,7,116616.9845709099,Tarjeta Débito,2203,816318.8919963693,11.124895070970833,90814.62017910782,725504.2718172616,3.0
2024-12-03,Metropolitana,Hogar,E-commerce,8,86396.594507454,Tarjeta Crédito,1492,691172.756059632,,85563.94699978446,605608.8090598476,1.0
2024-10-12,Antofagasta,Alimentos,Tienda Física,4,133011.29114832147,Efectivo,1668,532045.1645932859,12.672783010536483,67424.92922695879,464620.2353663271,1.0
2024-11-30,Biobío,Hogar,E-commerce,3,81532.755702865,Transferencia,4106,244598.267108595,14.053731882624273,34375.184648987095,210223.08245960792,1.0
2024-12-12,Valparaíso,Ropa,E-commerce,3,80056.32511770524,Tarjeta Crédito,1074,240168.97535311573,9.094707418887772,21842.66561930656,218326.30973380918,2.0
2024-11-03,Metropolitana,Electrónica,E-commerce,5,88792.17680893182,Efectivo,3991,443960.8840446591,14.53072768622137,64510.747093870435,379450.13695078867,1.0
2024-09-05,Antofagasta,Ropa,E-commerce,1,113650.72649565298,Efectivo,4360,113650.72649565298,13.654294050826861,15518.204386617454,98132.52210903553,5.0
2024-06-14,Biobío,Alimentos,E-commerce,3,144880.11943012683,Tarjeta Crédito,1370,434640.35829038045,7.96501571023939,34619.17282086957,400021.18546951085,1.0
2024-11-30,Metropolitana,Alimentos,Tienda Física,6,15666.68636128602,Transferencia,1586,94000.11816771612,0.0,0.0,94000.11816771612,1.0
2024-01-30,Araucanía,Alimentos,Tienda Física,3,12748.017346697488,Tarjeta Crédito,1328,38244.052040092465,0.0,0.0,38244.052040092465,4.0
2024-09-03,Metropolitana,Alimentos,E-commerce,5,140944.7989240641,Transferencia,1589,704723.9946203204,6.592830373494585,46461.25756663283,658262.7370536876,3.0
2024-04-15,Valparaíso,Ropa,E-commerce,9,81831.96570013989,,2790,736487.691301259,9.353893961280134,68890.27768219994,667597.413619059,5.0
2024-02-20,Biobío,Ropa,E-commerce,2,94160.93711220573,Tarjeta Crédito,1776,188321.87422441147,9.018987079559666,16984.725504284277,171337.14872012718,4.0
2024-03-21,Metropolitana,Electrónica,Tienda Física,2,74951.42223123569,Tarjeta Crédito,3022,149902.84446247137,10.757193053312044,16125.338371234127,133777.50609123724,3.0
2024-05-12,Antofagasta,Hogar,E-commerce,6,18580.3306280838,Transferencia,3351,111481.9837685028,10.83386232327748,12077.804636738141,99404.17913176466,2.0
2024-10-11,Araucanía,Ropa,E-commerce,6,116372.95987070665,Transferencia,1578,698237.7592242399,12.499869843799752,87278.81110329388,610958.948120946,2.0
2024-05-17,Biobío,Deportes,E-commerce,8,113347.57353784509,Tarjeta Crédito,1220,906780.5883027607,10.098899482056101,91574.86013549277,815205.728167268,1.0
2024-07-02,Metropolitana,Hogar,E-commerce,2,50196.981616457735,Efectivo,4026,100393.96323291547,6.048226409407656,6072.054197704206,94321.90903521127,3.0
2024-11-25,Metropolitana,Ropa,Telefónico,9,49404.69055811806,Efectivo,2187,444642.21502306254,13.582913355531062,60395.36680869671,384246.84821436583,4.0
2024-09-29,Metropolitana,Ropa,E-commerce,2,126487.00023130019,Efectivo,2503,252974.00046260038,8.097645831851871,20484.938604128693,232489.0618584717,2.0
2024-12-05,Araucanía,Ropa,E-commerce,1,15491.80237249236,Tarjeta Débito,4526,15491.80237249236,4.702006861310927,728.4256104953199,14763.37676199704,2.0
2024-03-09,Metropolitana,Alimentos,E-commerce,2,132760.24651170205,Tarjeta Débito,3422,265520.4930234041,14.71297460306592,39065.96270446886,226454.53031893523,3.0
2024-02-03,Valparaíso,Electrónica,Telefónico,7,42215.94503490759,Transferencia,4291,295511.61524435313,6.178601086797702,18258.483871101045,277253.1313732521,3.0
2024-09-18,Biobío,Ropa,E-commerce,8,90982.78842454661,Tarjeta Débito,2707,727862.3073963729,14.582511722325032,106140.60629846153,621721.7010979113,5.0
2024-02-22,Metropolitana,Alimentos,E-commerce,5,140719.15595525777,Efectivo,4325,703595.7797762889,5.91011806882517,41583.3413120498,662012.4384642391,4.0
2024-07-23,Biobío,Ropa,E-commerce,6,103327.76272281373,Tarjeta Crédito,2745,619966.5763368823,7.310361379470595,45321.79716215753,574644.7791747248,2.0
2024-05-05,Metropolitana,Hogar,E-commerce,1,65092.3228077203,Tarjeta Débito,1187,65092.3228077203,2.7725627784548252,1804.725513798514,63287.59729392179,1.0
2024-08-22,Antofagasta,Ropa,Tienda Física,6,104982.4602912852,Tarjeta Débito,2214,629894.7617477112,5.465799420865416,34428.78423966799,595465.9775080432,1.0
2024-02-12,Valparaíso,Alimentos,Tienda Física,8,54877.047265873676,Efectivo,4460,439016.3781269894,12.05113146638995,52906.4408870671,386109.9372399223,5.0
2024-08-27,Metropolitana,Electrónica,Telefónico,3,45202.47037063199,Tarjeta Débito,4286,135607.41111189598,13.502987365717917,18311.051589416467,117296.35952247951,4.0
2024-04-20,Metropolitana,Alimentos,E-commerce,1,149519.07530052855,Transferencia,4446,149519.07530052855,9.340710818159804,13966.144441808974,135552.93085871957,5.0
2024-09-05,Valparaíso,Alimentos,E-commerce,4,113864.58352106922,Tarjeta Crédito,2109,455458.33408427687,14.285220750424298,65063.22845014395,390395.1056341329,2.0
2024-05-30,Araucanía,Ropa,Telefónico,1,98484.39672036355,Efectivo,3521,98484.39672036355,0.0,0.0,98484.39672036355,4.0
2024-07-01,Araucanía,Deportes,E-commerce,8,56516.99826680122,Transferencia,4689,452135.9861344098,10.902990717555996,49296.34459896497,402839.6415354448,5.0
2024-12-01,Biobío,Alimentos,E-commerce,5,12128.320227481983,Efectivo,1843,60641.60113740992,3.001093055309847,1819.910880363506,58821.690257046415,2.0
2024-04-04,Metropolitana,Alimentos,E-commerce,1,9503.247025097564,Transferencia,4879,9503.247025097564,4.884855273131304,464.21986342417216,9039.027161673392,4.0
2024-01-08,Metropolitana,Alimentos,E-commerce,8,85356.28204007582,Tarjeta Crédito,1530,682850.2563206066,11.300071354465231,77162.56620837728,605687.6901122293,2.0
2024-12-25,Metropolitana,Electrónica,Tienda Física,9,115494.7445506624,Tarjeta Crédito,2070,1039452.7009559616,13.4541920170077,139849.9623125879,899602.7386433737,3.0
2024-07-02,Biobío,Electrónica,Tienda Física,2,82919.98261435899,Transferencia,4136,165839.96522871798,7.968002050518389,13214.13183000323,152625.83339871475,3.0
2024-10-07,Araucanía,Ropa,Tienda Física,9,126913.83543117161,Transferencia,1962,1142224.5188805445,8.542657213276257,97576.32525395886,1044648.1936265856,2.0
2024-07-13,Valparaíso,Hogar,Tienda Física,8,9846.847298517136,Transferencia,3522,78774.77838813709,0.0,0.0,78774.77838813709,5.0
2024-12-17,Metropolitana,Hogar,E-commerce,7,58179.05108176132,Transferencia,2169,407253.35757232923,14.059519191946443,57257.8639677279,349995.49360460136,4.0
2024-07-13,Biobío,Alimentos,Tienda Física,3,39375.20672025582,Transferencia,3993,118125.62016076746,14.009634960387638,16548.968179217587,101576.65198154988,5.0
2024-06-03,Araucanía,Alimentos,Tienda Física,2,69854.5803827827,Transferencia,4869,139709.1607655654,14.764827762008709,20627.81695478358,119081.34381078184,4.0
2024-04-02,Araucanía,Ropa,Tienda Física,7,15494.57701314776,Tarjeta Crédito,2405,108462.03909203432,14.018383164416711,15204.624227860812,93257.41486417351,2.0
2024-06-08,Antofagasta,Alimentos,Tienda Física,5,143349.08802780553,Transferencia,4137,716745.4401390277,6.273720360333609,44966.60460976492,671778.8355292628,3.0
2024-03-01,Metropolitana,Alimentos,E-commerce,6,37372.03315505733,Tarjeta Débito,1516,224232.198930344,13.237242861369873,29682.160745799654,194550.03818454433,4.0
2024-05-01,Metropolitana,Hogar,E-commerce,4,138734.62744511978,Tarjeta Crédito,4164,554938.5097804791,9.098384781095941,50490.44091830773,504448.0688621714,2.0
2024-02-20,Araucanía,Electrónica,E-commerce,2,66754.50748031886,Efectivo,2888,133509.01496063772,14.908013559459379,19903.542053432524,113605.4729072052,3.0
2024-10-03,Biobío,Ropa,Tienda Física,9,147900.99932200662,Tarjeta Crédito,3473,1331108.9938980597,9.722809643288011,129421.19362139457,1201687.800276665,4.0
2024-01-05,Metropolitana,Alimentos,Tienda Física,3,85338.46560173055,Efectivo,2491,256015.39680519165,10.538360825022206,26979.826282943468,229035.57052224816,5.0
2024-04-01,Araucanía,Hogar,Tienda Física,7,139970.7653054921,Efectivo,2117,979795.3571384447,10.297749152567985,100896.86808662464,878898.48905182,4.0
2024-06-18,Araucanía,Ropa,E-commerce,8,5775.603360662312,Tarjeta Débito,4689,46204.8268852985,3.210645734321302,1483.4733034433782,44721.35358185512,5.0
2024-11-12,Biobío,Electrónica,Tienda Física,2,113494.62689623052,Transferencia,1132,226989.25379246104,8.217370298582779,18652.547522116376,208336.70627034467,5.0
2024-01-22,Biobío,Alimentos,E-commerce,6,135942.34469986474,Transferencia,4505,815654.0681991884,5.7502208889291815,46901.9106109904,768752.1575881981,2.0
2024-11-21,Valparaíso,Alimentos,Tienda Física,8,25259.48221194834,Tarjeta Crédito,4412,202075.85769558672,13.956512304019185,28202.741942736862,173873.11575284984,4.0
2024-01-01,Valparaíso,Alimentos,E-commerce,7,18938.248501161965,Transferencia,1313,132567.73950813376,13.026758125262868,17269.278777853127,115298.46073028064,5.0
2024-05-12,Valparaíso,Deportes,Tienda Física,3,66563.02804196355,Tarjeta Débito,1590,199689.08412589066,6.395267805596693,12770.65170839398,186918.4324174967,2.0
2024-08-20,Araucanía,Alimentos,Tienda Física,1,140383.4413892756,Tarjeta Crédito,4283,140383.4413892756,12.76768271350073,17923.71237887597,122459.72901039963,2.0
2024-01-12,Araucanía,Deportes,E-commerce,6,83646.05122761361,Tarjeta Crédito,2543,501876.3073656817,11.2584666605061,56503.57674174439,445372.73062393727,3.0
2024-12-11,Araucanía,Deportes,Tienda Física,8,81481.18723965116,Tarjeta Crédito,4056,651849.4979172093,9.091437879176222,59262.49216886519,592587.0057483441,3.0
2024-02-15,Metropolitana,Alimentos,Tienda Física,6,25463.28715340167,Transferencia,3206,152779.72292041001,7.5402114909556275,11519.914223494923,141259.8086969151,3.0
2024-02-03,Araucanía,Ropa,E-commerce,5,5114.479108516724,Transferencia,4339,25572.39554258362,0.153932844303733,39.3643158153,25533.031226768322,5.0
2024-03-18,Araucanía,Electrónica,E-commerce,8,122470.31315809189,Transferencia,3708,979762.5052647351,13.597287835022325,133221.1279404718,846541.3773242633,5.0
2024-08-05,Biobío,Ropa,E-commerce,2,17698.311633004545,Tarjeta Crédito,2885,35396.62326600909,3.6190138831526166,1281.0087101640981,34115.61455584499,2.0
2024-10-27,Araucanía,Ropa,Tienda Física,1,96908.22371662197,Tarjeta Crédito,2626,96908.22371662197,0.0,0.0,96908.22371662197,5.0
2024-03-13,Araucanía,Hogar,Tienda Física,1,137619.38590470277,Efectivo,1747,137619.38590470277,12.00188259294053,16516.917121408176,121102.4687832946,5.0
2024-10-08,Valparaíso,Hogar,Tienda Física,4,35254.5274079725,Efectivo,2497,141018.10963189,10.477399094691368,14775.030141922523,126243.07948996747,1.0
2024-09-05,Valparaíso,Deportes,Tienda Física,6,101464.56125435207,Transferencia,1800,608787.3675261124,11.09568533898464,67549.1306841854,541238.2368419269,4.0
2024-02-16,Metropolitana,Alimentos,E-commerce,9,16411.29362258887,Tarjeta Crédito,3457,147701.6426032998,5.91066182082181,8730.144598079922,138971.49800521988,4.0
2024-04-30,Valparaíso,Alimentos,E-commerce,1,92544.49585645388,Transferencia,2497,92544.49585645388,4.527343460687078,4189.807181382988,88354.6886750709,1.0
2024-08-01,Biobío,Hogar,Tienda Física,1,28770.0995382144,Transferencia,2379,28770.0995382144,0.0,0.0,28770.0995382144,1.0
2024-08-26,Araucanía,Electrónica,E-commerce,5,111713.26627470081,Efectivo,1679,558566.3313735041,9.739197609111919,54399.87879043247,504166.45258307166,2.0
2024-02-25,Metropolitana,Electrónica,Tienda Física,5,48678.537745116686,Tarjeta Débito,4264,243392.68872558343,6.93700292785702,16884.157943083646,226508.5307824998,3.0
2024-12-15,Metropolitana,Hogar,E-commerce,5,72191.6962766737,,4770,360958.4813833685,7.083836790088254,25569.709701178923,335388.77168218954,1.0
2024-04-16,Biobío,Electrónica,Tienda Física,6,91917.42859400515,Tarjeta Débito,4342,551504.5715640308,11.613039622868667,64046.44441766299,487458.12714636786,1.0
2024-11-14,Metropolitana,Electrónica,Tienda Física,8,29834.644546604737,Tarjeta Débito,3161,238677.1563728379,14.112561518342881,33683.460523348185,204993.6958494897,5.0
2024-02-17,Metropolitana,Deportes,E-commerce,3,112537.48369955503,Tarjeta Crédito,1896,337612.4510986651,9.037566104783465,30511.948446021604,307100.5026526435,4.0
2024-03-01,Metropolitana,Alimentos,E-commerce,9,48882.84939233811,Tarjeta Crédito,2546,439945.644531043,7.077492730121904,31137.121008172522,408808.5235228705,5.0
2024-12-02,Metropolitana,Hogar,E-commerce,1,101043.91968734926,Transferencia,4126,101043.91968734926,11.487469372366542,11607.389326722892,89436.53036062638,4.0
2024-01-26,Metropolitana,Electrónica,Tienda Física,4,27951.042351409178,Efectivo,2793,111804.16940563671,13.711870463503178,15330.442881696557,96473.72652394016,2.0
2024-10-18,Valparaíso,Ropa,Tienda Física,9,104777.0605849208,Efectivo,3112,942993.5452642872,12.483188011224907,117715.65718905622,825277.8880752309,2.0
2024-09-13,Valparaíso,Electrónica,Tienda Física,8,23587.270557516953,Transferencia,1683,188698.16446013562,13.687572305365872,25828.19769937927,162869.96676075636,5.0
2024-01-08,Araucanía,Deportes,Tienda Física,9,66676.69195914763,Transferencia,2295,600090.2276323286,10.365546710107994,62202.63284802241,537887.5947843062,2.0
2024-04-22,Valparaíso,Hogar,E-commerce,1,40844.880692137136,Efectivo,4573,40844.880692137136,3.977901248971633,1624.7690191934967,39220.11167294364,1.0
2024-12-20,Biobío,Hogar,Tienda Física,9,113514.41116708647,Tarjeta Débito,2685,1021629.7005037782,12.518762443691909,127895.3952602691,893734.3052435091,4.0
2024-09-09,Metropolitana,Hogar,Tienda Física,3,42995.07565349681,,2385,128985.22696049043,6.400645593589365,8255.887245827873,120729.33971466255,3.0
2024-06-28,Metropolitana,Electrónica,E-commerce,9,132849.00942733244,Tarjeta Débito,3193,1195641.0848459918,8.482746153631915,101423.19813601628,1094217.8867099755,1.0
2024-07-25,Biobío,Ropa,Tienda Física,1,134313.93065395887,Transferencia,1942,134313.93065395887,8.895491644815223,11947.884479145825,122366.04617481305,5.0
2024-10-29,Metropolitana,Alimentos,E-commerce,1,33483.99070730395,Transferencia,4280,33483.99070730395,2.919166363127113,977.4533937602251,32506.537313543726,5.0
2024-05-06,Valparaíso,Ropa,E-commerce,9,94007.66202612002,Tarjeta Débito,2309,846068.9582350801,10.112957462460345,85562.59384939504,760506.3643856851,4.0
2024-02-25,Biobío,Electrónica,Tienda Física,6,17719.05804939483,Tarjeta Débito,2033,106314.34829636897,14.290763602568237,15193.132190645123,91121.21610572386,4.0
2024-08-01,Biobío,Ropa,Telefónico,4,61772.87944223623,Efectivo,3786,247091.51776894493,13.742965602221743,33957.70229299373,213133.8154759512,1.0
2024-01-14,Metropolitana,Ropa,E-commerce,7,108431.65077768448,Transferencia,3233,759021.5554437913,6.345254922891845,48161.85261260742,710859.7028311839,2.0
2024-01-28,Metropolitana,Alimentos,Tienda Física,5,100616.37079323786,Tarjeta Crédito,4645,503081.8539661893,6.7278965188246325,33846.82653982968,469235.02742635965,5.0
2024-03-18,Biobío,Hogar,Tienda Física,7,95581.59706395815,Tarjeta Crédito,2620,669071.179447707,8.576405495889112,57382.25740556325,611688.9220421438,4.0
2024-08-03,Metropolitana,Hogar,Tienda Física,8,45968.425231054316,Transferencia,4535,367747.4018484345,7.907438658906739,29079.400220888227,338668.0016275463,5.0
2024-12-30,Biobío,Ropa,E-commerce,8,59813.61766798829,Transferencia,4205,478508.94134390634,11.147709531562622,53342.786863574045,425166.1544803323,3.0
2024-06-02,Araucanía,Ropa,E-commerce,1,19927.1909815415,Transferencia,3882,19927.1909815415,3.3565175654675814,668.8596655997122,19258.331315941785,5.0
2024-01-14,Antofagasta,Ropa,E-commerce,8,109258.30896287215,Tarjeta Débito,1808,874066.4717029772,14.02776047764545,122611.95106590027,751454.5206370769,4.0
2024-07-05,Metropolitana,Hogar,Telefónico,6,78063.87553473466,Tarjeta Crédito,1170,468383.25320840796,14.622915416725867,68491.28694277444,399891.9662656335,3.0
2024-11-07,Araucanía,Ropa,E-commerce,4,107771.01669011991,Tarjeta Crédito,3260,431084.06676047965,11.536029525352266,49729.98522057821,381354.08153990144,5.0
2024-01-07,Valparaíso,Alimentos,E-commerce,8,41096.81109554655,Tarjeta Crédito,2553,328774.4887643724,13.381592014010867,43995.26073259832,284779.2280317741,1.0
2024-01-03,Valparaíso,Ropa,Tienda Física,3,52043.5431520846,Transferencia,4897,156130.6294562538,10.252022002307971,16006.546484197072,140124.08297205673,3.0
2024-04-20,Metropolitana,Deportes,E-commerce,4,53461.22390271662,Tarjeta Débito,4573,213844.8956108665,7.083269468600397,15147.210200964897,198697.68540990158,4.0
2024-08-25,Araucanía,Ropa,Tienda Física,6,8732.64941334635,Transferencia,2595,52395.896480078096,0.0,0.0,52395.896480078096,5.0
2024-12-28,Metropolitana,Deportes,E-commerce,7,54451.94156044041,Efectivo,2623,381163.5909230829,10.246884120934773,39057.391473082156,342106.1994500008,3.0
2024-08-26,Valparaíso,Alimentos,Tienda Física,4,121479.16316011485,Efectivo,1026,485916.6526404594,10.550826014376511,51268.220594977145,434648.4320454823,4.0
2024-09-30,Metropolitana,Hogar,Tienda Física,4,135108.2818837121,Tarjeta Crédito,2013,540433.1275348484,12.424575642135565,67146.52272572622,473286.60480912216,5.0
2024-10-20,Araucanía,Alimentos,Tienda Física,7,80141.65576720948,Transferencia,2091,560991.5903704664,7.198829897073491,40384.83032765718,520606.7600428092,2.0
2024-08-14,Araucanía,Electrónica,Tienda Física,6,71047.74580678693,Efectivo,3837,426286.4748407216,8.683103820867316,37014.89718473529,389271.5776559863,4.0
2024-01-15,Araucanía,Deportes,E-commerce,8,9469.569711408687,Efectivo,1407,75756.5576912695,4.950958946258359,3750.676070393282,72005.88162087621,2.0
2024-07-10,Metropolitana,Ropa,Tienda Física,1,132484.62894988048,Transferencia,4623,132484.62894988048,8.640274692145663,11447.035866139611,121037.59308374087,5.0
2024-04-28,Metropolitana,Electrónica,E-commerce,7,6886.480946751544,Tarjeta Débito,2132,48205.36662726081,0.4533104425466916,218.5199607892912,47986.846666471516,5.0
2024-01-28,Biobío,Ropa,Tienda Física,7,141988.7616304807,Transferencia,1073,993921.331413365,14.594395957411649,145056.81461164416,848864.5168017208,3.0
2024-07-20,Valparaíso,Deportes,E-commerce,7,75936.35605977314,Transferencia,3625,531554.492418412,9.439449603267189,50175.81842573871,481378.6739926733,2.0
2024-02-08,Metropolitana,Electrónica,Tienda Física,7,54580.501568335356,Tarjeta Débito,1679,382063.5109783475,12.550939672981464,47952.56077536731,334110.9502029802,4.0
2024-09-29,Biobío,Ropa,Tienda Física,8,139011.6730521857,Tarjeta Crédito,4333,1112093.3844174857,12.50811381374439,139101.90623806103,972991.4781794247,3.0
2024-08-18,Antofagasta,Alimentos,E-commerce,9,8536.694000964028,Tarjeta Crédito,2391,76830.24600867624,3.3362241431661976,2563.229216595441,74267.0167920808,5.0
2024-03-26,Araucanía,Alimentos,Tienda Física,9,89306.60975601763,Tarjeta Crédito,3833,803759.4878041586,7.655441848032414,61531.34018689054,742228.147617268,4.0
2024-05-05,Araucanía,Hogar,Tienda Física,2,84595.21605240395,Tarjeta Débito,1848,169190.4321048079,10.718696893717322,18135.00959048496,151055.42251432294,4.0
2024-10-26,Antofagasta,Electrónica,Tienda Física,7,36801.458175650405,Efectivo,1869,257610.20722955285,13.943028933186481,35918.6657288582,221691.54150069464,1.0
2024-01-25,Metropolitana,Electrónica,Tienda Física,7,67188.67754578053,Tarjeta Débito,1236,470320.7428204637,9.751977194569495,45865.571581181466,424455.17123928224,5.0
2024-05-24,Biobío,Ropa,E-commerce,4,99578.28086184668,Transferencia,3774,398313.1234473867,14.45117507342546,57560.92680981113,340752.1966375756,3.0
2024-01-13,Antofagasta,Ropa,Tienda Física,9,110434.0235478795,Tarjeta Débito,4437,993906.2119309155,7.144582293241616,71010.44722904467,922895.7647018709,1.0
2024-07-30,Metropolitana,Deportes,E-commerce,8,5103.944512454068,Efectivo,4357,40831.556099632544,1.4169884728529691,578.5784432182866,40252.97765641426,1.0
2024-01-25,Biobío,Electrónica,E-commerce,1,140843.7473631972,Efectivo,3425,140843.7473631972,5.741591057740307,8086.672003991681,132757.07535920554,3.0
2024-03-08,Biobío,Ropa,Tienda Física,2,28856.1789969578,Transferencia,3708,57712.3579939156,0.0,0.0,57712.3579939156,2.0
2024-03-07,Biobío,Electrónica,Telefónico,2,38869.16296224208,Tarjeta Crédito,3877,77738.32592448416,0.0,0.0,77738.32592448416,1.0
2024-08-20,Biobío,Electrónica,E-commerce,8,43203.64962560799,Efectivo,1905,345629.19700486393,,48092.70848443275,297536.4885204312,5.0
2024-04-18,Antofagasta,Ropa,E-commerce,1,10483.91980004512,Efectivo,3423,10483.91980004512,3.20045198293085,335.532819129424,10148.386980915695,3.0
2024-05-25,Araucanía,Ropa,E-commerce,4,22842.55792059711,Efectivo,1618,91370.23168238845,3.038117879419694,2775.9353452098417,88594.2963371786,3.0
2024-04-20,Metropolitana,Ropa,E-commerce,5,148020.7388269035,Transferencia,3700,740103.6941345175,13.476811979622166,99742.38331274684,640361.3108217706,1.0
2024-08-15,Araucanía,Deportes,E-commerce,9,50706.42691970648,Efectivo,4147,456357.8422773583,14.925898759338448,68115.50951861993,388242.33275873837,3.0
2024-04-20,Metropolitana,Ropa,Tienda Física,7,21718.658099162156,Tarjeta Crédito,2032,152030.6066941351,11.793934881124262,17930.390752884436,134100.21594125064,2.0
2024-02-03,Valparaíso,Deportes,Tienda Física,8,20513.732870320382,Transferencia,3243,164109.86296256306,14.366879266671495,23577.465876531474,140532.3970860316,1.0
2024-04-20,Valparaíso,Alimentos,Tienda Física,9,109321.69531214592,Tarjeta Crédito,3854,983895.2578093132,13.269490250841109,130557.88531349481,853337.3724958184,5.0
2024-09-20,Valparaíso,Ropa,Tienda Física,7,128912.45628473292,Efectivo,4863,902387.1939931305,13.444263331200869,121319.31062747087,781067.8833656596,4.0
2024-08-23,Valparaíso,Alimentos,Tienda Física,5,42258.08342872813,Efectivo,3940,211290.41714364066,10.691415704542683,22589.93684068894,188700.4803029517,5.0
2024-03-23,Antofagasta,Ropa,Tienda Física,5,8031.8792886090705,Tarjeta Crédito,4701,40159.39644304535,0.0,0.0,40159.39644304535,5.0
2024-02-11,Biobío,Electrónica,Tienda Física,6,37348.0526745766,Transferencia,2313,224088.31604745958,8.823645979167107,19772.759688704948,204315.55635875463,1.0
2024-04-10,Biobío,Alimentos,E-commerce,5,13194.775165529814,Transferencia,4132,65973.87582764907,0.7672841605408104,506.20709932041376,65467.66872832866,3.0
2024-01-06,Metropolitana,Electrónica,E-commerce,9,19992.265811356017,Tarjeta Crédito,3984,179930.39230220416,14.345580725432818,25812.059677300655,154118.3326249035,5.0
2024-06-28,Antofagasta,Ropa,Telefónico,3,67568.67737790814,Efectivo,4460,202706.03213372442,9.321171756158945,18894.577415279196,183811.45471844522,4.0
2024-10-08,Antofagasta,Alimentos,Tienda Física,3,38338.16377493672,Tarjeta Débito,1846,115014.49132481017,10.38819367249669,11947.928110258184,103066.56321455198,3.0
2024-11-15,Araucanía,Electrónica,E-commerce,7,79812.1523861864,Tarjeta Crédito,3865,558685.0667033048,9.461143071251877,52857.99347851865,505827.0732247861,4.0
2024-08-13,Metropolitana,Electrónica,E-commerce,7,41756.5942222926,Tarjeta Crédito,2923,292296.1595560482,10.648183139601972,31124.230379551205,261171.929176497,5.0
2024-11-10,Metropolitana,Deportes,Tienda Física,6,141377.9086599274,Tarjeta Crédito,4634,848267.4519595644,9.705050789923272,82324.7870470637,765942.6649125007,4.0
2024-12-30,Metropolitana,Ropa,Tienda Física,3,136361.87534930836,Efectivo,3611,409085.6260479251,5.479675585794759,22416.565175543798,386669.0608723813,3.0
2024-08-16,Metropolitana,Electrónica,Telefónico,7,87186.88522651757,Transferencia,1633,610308.196585623,13.820481860076987,84347.53359967901,525960.662985944,5.0
2024-10-15,Valparaíso,Ropa,E-commerce,5,56391.478838170995,Efectivo,3726,281957.394190855,9.443938189157699,26627.882027144064,255329.5121637109,1.0
2024-05-29,Antofagasta,Ropa,Tienda Física,7,60266.29789503666,Tarjeta Crédito,2017,421864.08526525664,10.889436485073487,45938.621618296376,375925.46364696027,4.0
2024-10-03,Valparaíso,Ropa,Tienda Física,2,64718.58105595206,Efectivo,1007,129437.16211190412,6.39187802757987,8273.465524553736,121163.6965873504,4.0
2024-07-16,Metropolitana,Deportes,Tienda Física,6,110499.00170956689,Efectivo,2392,662994.0102574013,5.033878479826392,33374.3128048853,629619.697452516,5.0
2024-03-10,Metropolitana,Ropa,E-commerce,8,70487.65435023149,Tarjeta Crédito,2068,563901.2348018519,7.452900936436429,42027.00040912381,521874.2343927281,2.0
2024-04-21,Metropolitana,Hogar,E-commerce,1,129225.84224335512,Efectivo,3391,129225.84224335512,12.045860321333503,15566.364455701341,113659.47778765377,5.0
2024-01-04,Metropolitana,Alimentos,Tienda Física,4,141893.74395990287,Tarjeta Débito,2780,567574.9758396115,5.991945301128786,34008.78209520444,533566.193744407,2.0
2024-12-15,Metropolitana,Alimentos,Tienda Física,1,53712.19223994541,Efectivo,3843,53712.19223994541,0.0,0.0,53712.19223994541,5.0
2024-11-26,Metropolitana,Electrónica,E-commerce,1,86300.69979947362,Efectivo,4446,86300.69979947362,1.0337332287011958,892.1190104288249,85408.58078904479,3.0
2024-11-13,Araucanía,Electrónica,E-commerce,8,18783.19784072184,Transferencia,2642,150265.58272577473,14.08887440386468,21170.72922246978,129094.85350330494,2.0
2024-12-15,Antofagasta,Electrónica,Tienda Física,7,34068.01192612205,Transferencia,4098,238476.08348285436,7.150225693561846,17051.57819419105,221424.50528866332,4.0
2024-04-04,Valparaíso,Ropa,E-commerce,1,64952.53617297322,Tarjeta Crédito,2216,64952.53617297322,3.1081478902160677,2018.8208827020953,62933.715290271124,3.0
2024-05-31,Valparaíso,Ropa,Tienda Física,2,34899.393805757936,Tarjeta Crédito,1848,69798.78761151587,0.0,0.0,69798.78761151587,3.0
2024-11-06,Araucanía,Ropa,Tienda Física,4,132101.27116436407,Transferencia,2380,528405.0846574563,7.045936142917758,37231.08484089489,491173.99981656135,5.0
2024-05-16,Metropolitana,Deportes,E-commerce,1,27951.50712856922,Tarjeta Débito,1061,27951.50712856922,0.6411497365188706,179.2110143078749,27772.296114261346,2.0
2024-09-03,Metropolitana,Alimentos,Tienda Física,3,71070.81912519834,Efectivo,2085,213212.457375595,6.815079616214955,14530.598721835175,198681.85865375982,2.0
2024-08-30,Araucanía,Electrónica,E-commerce,8,92826.38986668197,Tarjeta Débito,3469,742611.1189334558,5.139817129713648,38168.85349809995,704442.2654353558,3.0
2024-01-31,Metropolitana,Hogar,E-commerce,8,105320.26668332244,Tarjeta Débito,2817,842562.1334665795,12.718054684782345,107157.5128875484,735404.6205790311,1.0
2024-02-09,Biobío,Hogar,E-commerce,8,60545.058610343476,Transferencia,1632,484360.4688827478,13.750345312452586,66601.23702839228,417759.23185435554,1.0
2024-08-16,Biobío,Hogar,Tienda Física,6,131019.36496508564,Tarjeta Crédito,1791,786116.1897905138,11.141627026161988,87586.13385873476,698530.0559317791,2.0
2024-02-05,Metropolitana,Ropa,Tienda Física,6,87406.2769062992,Efectivo,3598,524437.6614377953,6.881999816798623,36091.79889937205,488345.8625384232,2.0
2024-08-10,Metropolitana,Alimentos,Tienda Física,5,68728.62816489501,Tarjeta Crédito,4451,343643.14082447503,7.852779969408798,26985.53972891164,316657.6010955634,4.0
2024-01-06,Araucanía,Hogar,E-commerce,9,14749.89193754531,Tarjeta Débito,2300,132749.0274379078,9.759266973649634,12955.331992588826,119793.69544531897,5.0
2024-11-17,Metropolitana,Ropa,E-commerce,4,72379.97292454893,Tarjeta Débito,3653,289519.8916981957,14.543459516233009,42106.20824056875,247413.68345762696,3.0
2024-08-07,Metropolitana,Alimentos,E-commerce,7,124006.69691828088,Tarjeta Crédito,2454,868046.8784279661,7.473513718177428,64873.602539524996,803173.2758884411,5.0
2024-03-15,Araucanía,Hogar,E-commerce,1,94108.44764209074,Tarjeta Crédito,2138,94108.44764209074,1.3259043756516142,1247.7880251442896,92860.65961694646,3.0
2024-01-04,Valparaíso,Electrónica,Telefónico,9,125663.55579072217,Transferencia,2711,1130972.0021164995,12.31645903919888,139295.70338548615,991676.2987310133,1.0
2024-11-30,Metropolitana,Ropa,E-commerce,7,76631.69223689931,Tarjeta Crédito,4192,536421.8456582952,9.394482232929203,50394.05498391946,486027.7906743757,3.0
2024-05-13,Antofagasta,Electrónica,Tienda Física,9,22176.947238699868,Tarjeta Crédito,1524,199592.52514829882,7.978473483600218,15924.436694205118,183668.0884540937,2.0
2024-04-27,Valparaíso,Deportes,Tienda Física,7,6977.777646202755,Transferencia,3020,48844.443523419286,0.0,0.0,48844.443523419286,1.0
2024-04-03,Araucanía,Electrónica,E-commerce,2,48966.834274195724,Tarjeta Crédito,1898,97933.66854839145,4.176227738690012,4089.93303143466,93843.73551695679,1.0
2024-03-02,Araucanía,Hogar,Tienda Física,6,106208.61836717991,Tarjeta Débito,4487,637251.7102030795,9.559159370221138,60915.90656777213,576335.8036353074,3.0
2024-07-12,Biobío,Ropa,Tienda Física,4,119587.6860715456,Tarjeta Crédito,3210,478350.7442861824,5.712067175412326,27323.715847711574,451027.0284384708,1.0
2024-11-30,Valparaíso,Deportes,E-commerce,3,47884.161019947765,Efectivo,1786,143652.4830598433,12.986873709303625,18655.966555260635,124996.51650458267,4.0
2024-07-21,Antofagasta,Electrónica,E-commerce,2,76869.81852807083,Tarjeta Débito,3957,153739.63705614166,7.433019279829671,11427.49686312317,142312.14019301848,5.0
2024-01-26,Metropolitana,Electrónica,Tienda Física,6,66062.24114294184,Transferencia,4759,396373.44685765106,12.254121231929705,48572.08270911503,347801.364148536,2.0
2024-06-21,Biobío,Electrónica,E-commerce,8,64525.80373095704,Tarjeta Débito,4029,516206.42984765634,5.683483714481947,29338.508373500226,486867.9214741561,3.0
2024-10-26,Metropolitana,Electrónica,E-commerce,6,38545.563414021824,Transferencia,2360,231273.38048413093,14.55098556165686,33652.556202201624,197620.8242819293,2.0
2024-05-12,Metropolitana,Electrónica,Tienda Física,9,24773.810229271465,Efectivo,3426,222964.2920634432,6.930149854056986,15451.7595610339,207512.5325024093,5.0
2024-11-21,Metropolitana,Ropa,Tienda Física,5,33519.8409435259,Efectivo,4395,167599.2047176295,13.827420762070805,23174.647230191054,144424.55748743843,5.0
2024-04-27,Antofagasta,Electrónica,Tienda Física,2,13023.196138685184,Tarjeta Débito,1172,26046.392277370367,0.0,0.0,26046.392277370367,4.0
2024-11-19,Antofagasta,Electrónica,E-commerce,8,33728.95756441867,Tarjeta Crédito,1999,269831.66051534936,13.094732096154345,35333.73305508969,234497.92746025967,3.0
2024-10-01,Metropolitana,Alimentos,E-commerce,9,6334.130155680021,Tarjeta Débito,2810,57007.171401120184,1.635457530008193,932.3280773242972,56074.84332379589,
2024-07-30,Metropolitana,Hogar,E-commerce,4,95952.46809221685,Tarjeta Débito,1063,383809.8723688674,14.67859924081416,56337.91301170637,327471.959357161,4.0
2024-08-12,Biobío,Hogar,E-commerce,6,50874.43407121402,Efectivo,4172,305246.6044272841,9.778906609457497,29849.780375484264,275396.82405179983,3.0
2024-01-20,Valparaíso,Hogar,Tienda Física,8,146105.98315690176,Transferencia,2345,1168847.865255214,,143464.0706731867,1025383.7945820274,3.0
2024-04-22,Metropolitana,Deportes,Tienda Física,9,33088.97236256319,Tarjeta Débito,1974,297800.7512630687,8.70710657037784,25929.828779861222,271870.9224832075,3.0
2024-05-19,Biobío,Electrónica,E-commerce,5,55145.14269489112,Tarjeta Crédito,1065,275725.7134744556,6.843682380196938,18869.79207072361,256855.92140373198,2.0
2024-02-16,Valparaíso,Alimentos,Tienda Física,6,56886.96800302232,Efectivo,2866,341321.8080181339,9.430759329334489,32189.238252723317,309132.5697654106,1.0
2024-01-01,Antofagasta,Alimentos,Tienda Física,4,6225.466929056778,Tarjeta Débito,4628,24901.867716227112,0.0,0.0,24901.867716227112,1.0
2024-03-30,Metropolitana,Electrónica,Tienda Física,5,126685.15319072154,Tarjeta Débito,2622,633425.7659536077,6.657490153884549,42170.25800052922,591255.5079530785,4.0
2024-05-21,Valparaíso,Deportes,Tienda Física,7,9639.196720927084,Tarjeta Crédito,1457,67474.3770464896,0.0,0.0,67474.3770464896,5.0
2024-11-15,Valparaíso,Hogar,Tienda Física,9,141326.07603574,Tarjeta Débito,2602,1271934.68432166,14.82044622786384,188506.3959434413,1083428.2883782187,
2024-02-07,Araucanía,Electrónica,Tienda Física,6,134350.780908575,Tarjeta Débito,3500,806104.68545145,5.962464911407164,48063.709019251786,758040.9764321982,3.0
2024-10-19,Valparaíso,Alimentos,Tienda Física,6,82650.67783246472,Tarjeta Débito,4330,495904.0669947883,10.892117234526204,54014.45234785571,441889.6146469326,4.0
2024-05-18,Biobío,Alimentos,Tienda Física,8,83821.35836213735,Tarjeta Débito,2957,670570.8668970988,11.264638552540559,75537.38439459603,595033.4825025029,4.0
2024-12-21,Metropolitana,Ropa,E-commerce,4,99797.79882864267,Tarjeta Crédito,2740,399191.1953145707,10.380795428740543,41439.22135514968,357751.973959421,4.0
2024-11-28,Araucanía,Electrónica,E-commerce,3,61122.25173055861,Tarjeta Débito,2449,183366.75519167582,11.621858857118337,21310.625479254275,162056.12971242156,3.0
2024-09-15,Valparaíso,Ropa,Tienda Física,7,98847.23109268905,Tarjeta Débito,4026,691930.6176488233,6.16180775011891,42635.43442373083,649295.1832250925,
2024-06-09,Metropolitana,Alimentos,E-commerce,5,11491.416359830597,Tarjeta Débito,2959,57457.081799152984,2.4403007813483146,1402.1256160846706,56054.956183068316,4.0
2024-06-26,Biobío,Hogar,Tienda Física,2,12836.905965710353,Efectivo,3225,25673.811931420707,0.0,0.0,25673.811931420707,3.0
2024-01-10,Metropolitana,Hogar,E-commerce,2,71298.41084483394,Tarjeta Crédito,2954,142596.82168966788,10.550185242052912,15044.228837539846,127552.59285212803,3.0
2024-09-17,Metropolitana,Electrónica,E-commerce,6,84695.23366037506,Efectivo,1279,508171.40196225035,7.872125711273616,40003.891591209904,468167.51037104044,3.0
2024-05-17,Araucanía,Electrónica,E-commerce,8,133733.55784869374,Efectivo,3391,1069868.46278955,14.401760633010566,154079.8950990207,915788.5676905293,2.0
2024-06-20,Valparaíso,Alimentos,E-commerce,1,20175.791916644957,Tarjeta Crédito,2040,20175.791916644957,4.705701675729202,949.4125783131987,19226.379338331757,5.0
2024-01-13,Araucanía,Hogar,Tienda Física,6,124283.94944311396,Efectivo,3343,745703.6966586837,12.620716534397257,94113.14974181406,651590.5469168697,1.0
2024-06-16,Metropolitana,Deportes,Tienda Física,2,35456.86390735009,Efectivo,3249,70913.72781470018,,0.0,70913.72781470018,3.0
2024-05-09,Araucanía,Hogar,E-commerce,2,62142.12903395462,Efectivo,1961,124284.25806790924,14.725144821597427,18301.03699094752,105983.22107696172,2.0
2024-03-24,Metropolitana,Alimentos,Tienda Física,7,50907.353049974874,Tarjeta Crédito,3731,356351.4713498241,5.3755606974018955,19155.88963849452,337195.5817113296,2.0
2024-11-16,Valparaíso,Hogar,Tienda Física,1,63022.51456548285,Tarjeta Débito,2942,63022.51456548285,0.0,0.0,63022.51456548285,5.0
2024-11-14,Antofagasta,Hogar,E-commerce,6,26821.847220524905,Transferencia,4845,160931.08332314942,7.851331751807087,12635.233243477549,148295.85007967186,1.0
2024-04-10,Araucanía,Electrónica,E-commerce,7,78017.66078851547,Transferencia,2217,546123.6255196083,6.95422586638349,37978.670428315905,508144.9550912924,2.0
2024-11-24,Valparaíso,Hogar,E-commerce,8,121238.17552554826,Tarjeta Crédito,4220,969905.404204386,5.111545873118305,49577.159661760714,920328.2445426254,3.0
2024-09-29,Metropolitana,Ropa,Tienda Física,7,69022.43150494006,Transferencia,1374,483157.02053458046,7.423257302463214,35865.98880919693,447291.03172538354,4.0
2024-09-21,Araucanía,Deportes,E-commerce,6,76138.96850523887,Tarjeta Crédito,2911,456833.8110314332,11.78775983520429,53850.47249039634,402983.3385410368,1.0
2024-02-07,Valparaíso,Ropa,Tienda Física,9,128071.29986579057,Tarjeta Crédito,1034,1152641.698792115,7.310889221345685,84268.35771772855,1068373.3410743866,3.0
2024-04-03,Araucanía,Electrónica,Tienda Física,3,107378.42662251447,Transferencia,2392,322135.2798675434,10.090034454826181,32503.560729785873,289631.7191377575,4.0
2024-04-04,Araucanía,Electrónica,E-commerce,6,76115.88923536878,Efectivo,3076,456695.3354122127,13.878181149649986,63381.00595050849,393314.32946170424,1.0
2024-10-31,Metropolitana,Electrónica,Tienda Física,4,42365.86898743105,Tarjeta Débito,1774,169463.4759497242,11.937579203490753,20229.836662486832,149233.63928723737,4.0
2024-03-09,Metropolitana,Ropa,Tienda Física,2,133314.37829252018,Transferencia,1220,266628.75658504036,8.94629069906032,23853.38365138765,242775.37293365272,2.0
2024-11-13,Biobío,Alimentos,E-commerce,1,88667.95824513095,Transferencia,3100,88667.95824513095,1.1357454441847314,1007.0422962206949,87660.91594891026,2.0
2024-08-23,Metropolitana,Deportes,Tienda Física,1,37066.40346605054,Transferencia,3838,37066.40346605054,0.0,0.0,37066.40346605054,2.0
2024-11-29,Metropolitana,Electrónica,Tienda Física,3,44022.3641325115,Transferencia,4424,132067.09239753452,8.724689389121083,11522.443596928431,120544.64880060608,5.0
2024-05-16,Antofagasta,Ropa,Tienda Física,4,121454.29789575566,Tarjeta Crédito,4463,485817.19158302265,9.557358140084848,46431.28890569161,439385.90267733106,3.0
2024-03-16,Biobío,Ropa,Tienda Física,2,11401.106502681041,Tarjeta Crédito,3123,146182.55294510242,0.0,0.0,191967.8209275983,2.0
2024-02-04,Araucanía,Ropa,Tienda Física,1,148853.3671191789,Tarjeta Débito,1493,148853.3671191789,6.770414410599064,10077.989818098817,138775.3773010801,3.0
2024-01-01,Biobío,Ropa,E-commerce,4,23900.99355864481,Tarjeta Débito,2711,95603.97423457923,1.948130086790052,1862.4897862308474,93741.48444834839,1.0
2024-10-22,Biobío,Ropa,E-commerce,7,120429.93618255592,Transferencia,4593,843009.5532778914,11.340007674159882,95597.34803561382,747412.2052422776,2.0
2024-11-15,Metropolitana,Ropa,Tienda Física,6,62242.42093189402,Transferencia,3164,373454.52559136413,8.641528191046055,32272.178109715034,341182.3474816491,3.0
2024-02-29,Metropolitana,Electrónica,E-commerce,6,76371.3465766827,Transferencia,1279,458228.0794600962,13.523653492620436,61969.177672072845,396258.90178802336,1.0
2024-11-15,Metropolitana,Alimentos,Tienda Física,9,132694.3337323638,Tarjeta Débito,4801,1194249.0035912741,12.565526600578163,150063.6762234012,1044185.3273678729,2.0
2024-12-14,Valparaíso,Electrónica,Tienda Física,2,64872.12249043592,Transferencia,4246,129744.24498087184,11.1051316409216,14408.269201645635,115335.9757792262,3.0
2024-11-23,Araucanía,Ropa,E-commerce,4,82936.594282619,Efectivo,1745,331746.377130476,8.642022226495161,28669.595647208196,303076.7814832678,3.0
2024-09-23,Valparaíso,Hogar,Tienda Física,5,12148.451049329642,Tarjeta Débito,3996,60742.25524664821,0.0,0.0,60742.25524664821,3.0
2024-12-26,Valparaíso,Ropa,Telefónico,1,5340.383710780708,Efectivo,3811,5340.383710780708,0.0,0.0,5340.383710780708,2.0
2024-08-16,Valparaíso,Deportes,Tienda Física,8,40495.98158525026,Transferencia,3342,323967.85268200206,7.099318316734844,22999.509105785928,300968.34357621614,1.0
2024-09-26,Metropolitana,Alimentos,E-commerce,8,103684.54847322125,Tarjeta Crédito,4065,829476.38778577,12.76151864105623,105853.7838504409,723622.6039353291,3.0
2024-11-11,Valparaíso,Alimentos,Tienda Física,6,22583.409537074822,Efectivo,2474,135500.45722244892,9.864090989910865,13365.88839216761,122134.56883028132,5.0
2024-10-12,Metropolitana,Ropa,Tienda Física,5,21495.484026659666,Tarjeta Débito,2857,107477.42013329832,7.247500381773575,7789.426434481185,99687.99369881714,3.0
2024-10-17,Metropolitana,Alimentos,Tienda Física,8,64589.28816520597,Efectivo,2541,516714.3053216478,6.951746150400062,35920.66682876407,480793.6384928837,3.0
2024-07-31,Metropolitana,Ropa,E-commerce,3,98936.37059819284,Tarjeta Débito,4092,296809.1117945785,6.6540090450135905,19749.705145235755,277059.40664934274,2.0
2024-06-13,Valparaíso,Alimentos,E-commerce,3,108250.43887594993,Transferencia,2096,324751.31662784977,12.77161196205595,41475.97800137666,283275.3386264731,2.0
2024-01-05,Araucanía,Hogar,Telefónico,2,30875.347744264345,Efectivo,3889,61750.69548852869,0.0,0.0,61750.69548852869,4.0
2024-12-04,Metropolitana,Deportes,Tienda Física,5,16540.281368946155,Tarjeta Crédito,2059,82701.40684473078,0.0,0.0,82701.40684473078,4.0
2024-03-18,Metropolitana,Deportes,Tienda Física,3,141357.5699221039,Efectivo,4578,424072.7097663117,7.289871853003117,30914.357105521958,393158.35266078974,2.0
2024-03-02,Biobío,Alimentos,Tienda Física,3,42796.62547150475,Tarjeta Crédito,2922,128389.87641451423,10.266422635251974,13181.047333591725,115208.82908092251,1.0
2024-05-11,Metropolitana,Hogar,E-commerce,6,128735.24215326496,Tarjeta Débito,4304,772411.4529195898,9.515463609730563,73498.5307199547,698912.9221996351,5.0
2024-03-29,Antofagasta,Electrónica,E-commerce,8,130206.26031710865,Transferencia,4799,1041650.0825368692,10.79610899228284,112457.67822888456,929192.4043079846,2.0
2024-08-24,Valparaíso,Alimentos,Tienda Física,2,117015.77580556895,Transferencia,3005,234031.5516111379,13.771549003711943,32229.769814275267,201801.78179686263,1.0
2024-02-11,Valparaíso,Electrónica,E-commerce,4,29480.87296462266,Tarjeta Crédito,1496,117923.49185849064,13.677473900817306,16128.954821877478,101794.53703661317,1.0
2024-03-29,Biobío,Alimentos,Tienda Física,7,124161.21159185904,Tarjeta Débito,3253,869128.4811430133,9.510760718248596,82660.73017566037,786467.750967353,2.0
2024-10-22,Metropolitana,Ropa,E-commerce,1,116541.33109003007,Transferencia,3473,116541.33109003007,5.153662507347233,6006.146885950285,110535.1842040798,1.0
2024-11-23,Biobío,Hogar,E-commerce,1,91524.83356540148,Tarjeta Débito,1043,91524.83356540148,3.032288877717728,2775.297348553331,88749.53621684815,3.0
2024-10-21,Valparaíso,Deportes,Tienda Física,7,53894.29509949815,Tarjeta Crédito,4162,377260.0656964871,9.264438057143032,34951.02510078815,342309.0405956989,5.0
2024-04-13,Antofagasta,Ropa,Tienda Física,7,43063.74761864889,Tarjeta Crédito,2851,301446.2333305422,11.061935374241404,33345.78751910953,268100.44581143267,4.0
2024-01-14,Metropolitana,Ropa,Telefónico,1,22673.93575165205,Efectivo,4541,22673.93575165205,0.0,0.0,22673.93575165205,3.0
2024-10-14,Valparaíso,Ropa,E-commerce,1,78914.77470062635,Transferencia,3652,78914.77470062635,3.776694647519861,2980.3700722209123,75934.40462840543,1.0
2024-06-27,Biobío,Hogar,E-commerce,4,89862.82694892774,Transferencia,4538,359451.307795711,10.577647590980618,38021.49259980135,321429.81519590964,5.0
2024-05-04,Metropolitana,Alimentos,E-commerce,5,57104.15362478915,Efectivo,4922,285520.76812394575,11.513361058002054,32873.036929690716,252647.73119425503,5.0
2024-12-18,Valparaíso,Hogar,Tienda Física,5,73927.06481372594,Tarjeta Crédito,1453,369635.3240686297,6.540757324730835,24176.949533811458,345458.3745348182,2.0
2024-01-23,Araucanía,Deportes,E-commerce,4,57709.59631854367,Tarjeta Crédito,1594,230838.38527417468,11.465350987807327,26466.43108627107,204371.9541879036,5.0
2024-03-03,Araucanía,Alimentos,E-commerce,8,97945.87831150168,Tarjeta Crédito,2356,783567.0264920135,6.826516187437722,53490.32990290172,730076.6965891118,5.0
2024-05-22,Metropolitana,Hogar,E-commerce,7,135682.58513050168,Tarjeta Crédito,1506,949778.0959135118,12.50523980696749,118772.02852803434,831006.0673854775,1.0
2024-06-01,Araucanía,Alimentos,Tienda Física,9,28768.437996807006,Tarjeta Débito,1793,258915.94197126306,8.3908761326268,21725.31597843257,237190.6259928305,3.0
2024-05-24,Antofagasta,Ropa,Tienda Física,7,60304.2774359529,Transferencia,4541,422129.9420516703,12.098954333814536,51073.30891818935,371056.6331334809,5.0
2024-08-12,Araucanía,Hogar,Tienda Física,1,25425.94757287489,Transferencia,1020,25425.94757287489,0.0,0.0,25425.94757287489,2.0
2024-11-04,Metropolitana,Deportes,Tienda Física,7,95616.84670913564,Tarjeta Crédito,4299,669317.9269639495,5.478655989061071,36669.62669146982,632648.3002724797,3.0
2024-04-13,Araucanía,Electrónica,Tienda Física,1,110686.2238758464,Tarjeta Crédito,2399,110686.2238758464,9.078600255909134,10048.759804048746,100637.46407179764,2.0
2024-04-13,Metropolitana,Hogar,Tienda Física,7,140127.3462266311,Tarjeta Crédito,4201,980891.4235864178,12.050345222633327,118200.80280136594,862690.6207850518,5.0
2024-02-08,Antofagasta,Ropa,Tienda Física,8,45436.42930783991,Transferencia,4758,363491.4344627193,7.268705163314941,26421.120664999224,337070.31379772007,3.0
2024-07-16,Valparaíso,Ropa,Tienda Física,9,142780.62485048737,Transferencia,3667,1285025.6236543863,12.952870447972225,166447.7042551998,1118577.9193991865,5.0
2024-05-13,Metropolitana,Ropa,E-commerce,3,14173.087413997846,Tarjeta Crédito,3461,42519.262241993536,4.508266933563526,1916.8818400509563,40602.38040194258,1.0
2024-03-07,Biobío,Alimentos,Tienda Física,4,92437.01018786528,Tarjeta Débito,4866,369748.0407514611,11.307797331049319,41810.35908370087,327937.68166776025,3.0
2024-06-27,Metropolitana,Ropa,Tienda Física,4,13284.244304782846,Efectivo,2094,53136.97721913138,0.0,0.0,53136.97721913138,2.0
2024-02-11,Antofagasta,Ropa,Tienda Física,9,134597.257225482,Efectivo,2427,1211375.315029338,10.875617721497983,131744.54843518272,1079630.7665941552,1.0
2024-01-15,Antofagasta,Electrónica,Tienda Física,7,81822.31327515784,,2585,572756.1929261049,8.535488542043371,48887.539221051506,523868.6537050534,4.0
2024-04-20,Biobío,Hogar,E-commerce,3,102055.51086060543,Transferencia,4678,306166.5325818163,9.824514703811175,30079.376011649376,276087.15657016693,3.0
2024-06-05,Metropolitana,Electrónica,Tienda Física,5,125578.21925701562,Transferencia,2814,627891.0962850781,10.973493009778531,68901.58555986483,558989.5107252132,5.0
2024-10-15,Biobío,Hogar,E-commerce,7,26795.04026017547,Efectivo,2420,187565.28182122827,9.724621139148905,18240.013045691383,169325.26877553688,2.0
2024-08-18,Metropolitana,Ropa,Telefónico,8,10595.776481029407,Efectivo,1336,84766.21184823525,0.0,0.0,84766.21184823525,4.0
2024-06-05,Metropolitana,Electrónica,E-commerce,1,132437.76615736354,Tarjeta Débito,2667,132437.76615736354,11.983133239405602,15870.193977929293,116567.57217943425,3.0
2024-02-07,Araucanía,Hogar,E-commerce,2,50665.31798154521,Transferencia,4576,101330.63596309042,9.336969331069596,9461.210402851531,91869.42556023889,1.0
2024-04-06,Metropolitana,Electrónica,E-commerce,7,23701.941649438962,Transferencia,1909,165913.59154607274,7.022731817420303,11651.666582930813,154261.92496314194,3.0
2024-10-15,Valparaíso,Deportes,E-commerce,2,72926.87937762754,Efectivo,1275,145853.75875525508,7.139337828010472,10412.992572389063,135440.766182866,2.0
2024-09-10,Antofagasta,Deportes,Tienda Física,7,91754.38097592273,Tarjeta Débito,1891,642280.6668314592,5.058037688429411,32486.798193830942,609793.8686376282,4.0
2024-07-14,Metropolitana,Ropa,Tienda Física,9,9490.737496263968,Tarjeta Débito,1012,85416.63746637572,0.0,0.0,85416.63746637572,2.0
2024-03-26,Metropolitana,Deportes,E-commerce,2,44859.87044727772,Efectivo,2026,89719.74089455543,4.577364937867576,4106.799962053017,85612.94093250242,5.0
2024-11-17,Antofagasta,Alimentos,Tienda Física,7,9755.981770149921,Efectivo,4025,68291.87239104944,0.0,0.0,68291.87239104944,1.0
2024-01-10,Metropolitana,Ropa,Tienda Física,4,65948.63143334736,Transferencia,4295,263794.5257333894,8.009577155586724,21128.826070829902,242665.69966255952,3.0
2024-01-05,Araucanía,Electrónica,E-commerce,2,134789.50421460543,Efectivo,1973,269579.00842921087,12.489176404785196,33668.197912994896,235910.81051621598,4.0
2024-05-02,Antofagasta,Alimentos,E-commerce,7,147484.59966656752,Tarjeta Crédito,1174,1032392.1976659726,12.941627088376094,133608.3483114208,898783.8493545519,3.0
2024-11-25,Antofagasta,Alimentos,Tienda Física,5,97371.895258026,Tarjeta Débito,4970,486859.47629012994,7.0246754209575,34200.29796555517,452659.1783245748,1.0
2024-12-18,Biobío,Ropa,E-commerce,1,28437.46559876581,Efectivo,2408,28437.46559876581,3.883200371863115,1104.2837698797193,27333.181828886092,5.0
2024-04-27,Metropolitana,Alimentos,Tienda Física,5,136348.16154989935,Tarjeta Crédito,2625,681740.8077494968,14.590439968714078,99468.98329691678,582271.82445258,4.0
2024-10-20,Metropolitana,Ropa,E-commerce,3,79855.93436400876,Tarjeta Débito,2943,239567.80309202627,10.024027934801268,24014.343504734406,215553.45958729187,2.0
2024-06-07,Araucanía,Alimentos,Tienda Física,7,27293.650254923123,Tarjeta Crédito,3288,191055.55178446186,14.169787490185026,27072.165676058652,163983.3861084032,2.0
2024-10-29,Araucanía,Deportes,Tienda Física,6,138650.3670704909,Tarjeta Crédito,1546,831902.2024229454,12.067652818616311,100391.06957882375,731511.1328441217,5.0
2024-08-15,Valparaíso,Hogar,E-commerce,8,114833.01235484994,Efectivo,3061,918664.0988387995,12.22433423022413,112300.56989513141,806363.5289436681,2.0
2024-12-30,Metropolitana,Alimentos,Tienda Física,5,111097.26454485698,,2218,555486.322724285,5.8504362130607115,32498.37298326086,522987.9497410241,3.0
2024-08-03,Metropolitana,Ropa,E-commerce,2,107831.20205018867,Tarjeta Crédito,2420,215662.40410037735,7.1999112689693066,15527.501735753194,200134.90236462414,2.0
2024-07-02,Metropolitana,Ropa,Tienda Física,9,34049.27405898414,Transferencia,2454,306443.46653085726,5.088148332944726,15592.298133707845,290851.1683971494,3.0
2024-01-15,Biobío,Alimentos,Tienda Física,8,35595.97029759128,Tarjeta Débito,4377,284767.76238073024,12.161276404767374,34631.39469479177,250136.3676859385,4.0
2024-06-05,Valparaíso,Electrónica,E-commerce,6,104802.48477195197,Transferencia,4405,628814.9086317118,8.4443828842851,53099.53851832926,575715.3701133826,2.0
2024-05-15,Antofagasta,Ropa,Tienda Física,7,36859.798766007545,Efectivo,3772,258018.59136205283,12.866525160763468,33198.026977046,224820.56438500684,5.0
2024-09-17,Araucanía,Electrónica,Tienda Física,9,68607.39603644208,Transferencia,2433,617466.5643279788,8.389362199370263,51801.506541481715,565665.057786497,1.0
2024-06-05,Metropolitana,Ropa,Tienda Física,7,118390.2647111215,Tarjeta Débito,1002,828731.8529778505,13.19333752298861,109337.39052388555,719394.4624539649,3.0
2024-02-16,Biobío,Ropa,E-commerce,3,118673.11512418694,Tarjeta Crédito,3738,356019.3453725608,6.30698253748313,22454.077942709162,333565.26742985164,1.0
2024-11-19,Valparaíso,Alimentos,Telefónico,6,70722.95701624965,Tarjeta Crédito,4623,424337.7420974979,6.733731567575082,28573.76449275455,395763.9776047434,3.0
2024-11-27,Biobío,Electrónica,Telefónico,7,119867.54104991053,Tarjeta Débito,4523,839072.7873493738,8.408765395839364,70555.66218853896,768517.1251608349,4.0
2024-06-21,Araucanía,Ropa,Tienda Física,2,126600.16044871823,Tarjeta Crédito,4747,253200.32089743647,9.084873888822733,23002.929839626573,230197.3910578099,3.0
2024-05-09,Araucanía,Hogar,Tienda Física,3,99942.48393621773,Transferencia,2842,299827.4518086532,8.487028108429783,25446.440111789158,274381.01169686404,5.0
2024-04-04,Araucanía,Alimentos,Tienda Física,4,38121.748584720925,Tarjeta Crédito,1746,152486.9943388837,12.6364703252322,19268.973789471544,133218.02054941215,3.0
2024-04-24,Metropolitana,Deportes,E-commerce,6,44731.70815590439,Tarjeta Crédito,3816,268390.24893542635,5.9695139262671475,16021.593286943342,252368.65564848302,5.0
2024-08-30,Metropolitana,Deportes,Tienda Física,1,50651.96753426663,Transferencia,1871,50651.96753426663,0.0,0.0,50651.96753426663,2.0
2024-10-18,Araucanía,Alimentos,Telefónico,9,21936.59562142304,Transferencia,1494,197429.36059280735,8.512170196384881,16805.523191294185,180623.83740151316,4.0
2024-10-08,Metropolitana,Alimentos,Tienda Física,5,44608.14495364204,Transferencia,3464,223040.7247682102,13.372399995154593,29825.897868096912,193214.8269001133,1.0
2024-10-25,Metropolitana,Electrónica,Telefónico,7,35380.28752531715,Efectivo,2414,247662.01267722005,5.66797077262172,14037.410493431531,233624.60218378852,2.0
2024-10-09,Metropolitana,Hogar,E-commerce,9,71022.66872224731,Transferencia,4444,639204.0185002259,14.423435076713574,92195.17661612428,547008.8418841015,1.0
2024-03-09,Biobío,Ropa,E-commerce,9,136723.4444414784,Transferencia,1627,1230510.9999733057,14.863168422720129,182892.92238613009,1047618.0775871756,1.0
2024-05-27,Metropolitana,Alimentos,Tienda Física,1,20149.645929323924,Efectivo,2075,20149.645929323924,0.0,0.0,20149.645929323924,3.0
2024-01-11,Biobío,Deportes,Tienda Física,1,109438.84897237236,Tarjeta Crédito,4447,109438.84897237236,5.885681738250801,6441.222348518794,102997.62662385356,3.0
2024-09-10,Antofagasta,Electrónica,Tienda Física,3,104656.03563990352,Transferencia,4466,313968.1069197106,7.91272522255737,24843.433587021827,289124.67333268875,3.0
2024-11-25,Metropolitana,Deportes,Tienda Física,6,18884.35880618686,Tarjeta Débito,4994,113306.15283712116,8.724006660353561,9884.836320100836,103421.31651702033,4.0
2024-12-25,Metropolitana,Ropa,Tienda Física,2,138772.998711341,Transferencia,4068,277545.997422682,12.76391368652726,35425.73155144231,242120.2658712397,2.0
2024-02-07,Metropolitana,Ropa,E-commerce,1,87428.46931273885,Transferencia,1141,87428.46931273885,1.141654182966552,998.1307770125114,86430.33853572633,5.0
2024-05-13,Araucanía,Electrónica,Tienda Física,1,57740.20056467421,Efectivo,4157,57740.20056467421,0.0,0.0,57740.20056467421,1.0
2024-07-18,Metropolitana,Electrónica,E-commerce,5,114698.09460681946,Tarjeta Débito,2487,573490.4730340973,10.959268121167337,62850.35858915759,510640.11444493977,2.0
2024-01-23,Valparaíso,Ropa,E-commerce,4,42317.991468236934,Tarjeta Crédito,1045,169271.96587294774,11.443657004925674,19370.90317999498,149901.06269295275,3.0
2024-10-29,Metropolitana,Ropa,Tienda Física,1,105558.92637171646,Tarjeta Crédito,3891,105558.92637171646,12.575098228185059,13274.138679860886,92284.78769185557,1.0
2024-12-11,Araucanía,Electrónica,Telefónico,4,10758.125097975848,Tarjeta Débito,4056,43032.50039190339,0.0,0.0,43032.50039190339,5.0
2024-10-28,Valparaíso,Ropa,Tienda Física,3,126714.16545334444,Transferencia,4309,380142.4963600333,6.179789994370257,23492.007954406654,356650.4884056266,2.0
2024-12-28,Araucanía,Alimentos,Tienda Física,2,69984.77281809118,Efectivo,3057,139969.54563618236,13.332094569102624,18660.872192159088,121308.67344402327,2.0
2024-08-05,Antofagasta,Alimentos,Tienda Física,9,97320.47258190154,Tarjeta Débito,1663,875884.2532371139,12.05619804180144,105598.3401872201,770285.9130498938,4.0
2024-05-20,Metropolitana,Deportes,E-commerce,1,37079.48387196913,Tarjeta Débito,1572,37079.48387196913,0.12404665021282901,45.995857659383894,37033.48801430975,2.0
2024-04-13,Araucanía,Hogar,Tienda Física,7,103175.68833547496,Tarjeta Crédito,3029,722229.8183483247,10.773417251963703,77808.83184876453,644420.9864995602,2.0
2024-07-28,Metropolitana,Hogar,Tienda Física,4,116974.8400045251,Efectivo,2553,467899.3600181004,13.897353347830567,65025.62737395327,402873.7326441471,5.0
2024-04-20,Antofagasta,Alimentos,E-commerce,5,73615.91209823782,Tarjeta Débito,2621,368079.5604911891,12.00306353883807,44180.82351923334,323898.7369719558,5.0
2024-04-13,Biobío,Hogar,Tienda Física,5,94570.40398896017,Efectivo,3696,472852.0199448009,7.016999626310254,33180.02447252716,439671.99547227373,1.0
2024-11-11,Araucanía,Electrónica,E-commerce,1,71167.2589542478,Transferencia,1912,71167.2589542478,1.918869651778119,1365.606934075407,69801.65202017239,3.0
2024-06-19,Metropolitana,Hogar,Telefónico,6,134643.2485423876,Tarjeta Crédito,4813,807859.4912543255,9.297453810756668,75110.36305518472,732749.1281991408,5.0
2024-12-21,Metropolitana,Hogar,Telefónico,9,77191.03117457627,Transferencia,1639,694719.2805711864,9.940428669357333,69058.07453745123,625661.2060337352,1.0
2024-11-19,Valparaíso,Hogar,Tienda Física,2,127062.26280917873,Efectivo,3663,254124.52561835747,5.5521762675040565,14109.44160128971,240015.08401706777,2.0
2024-05-12,Valparaíso,Hogar,Tienda Física,7,121196.04844918604,Transferencia,3745,848372.3391443023,14.546375133600558,123407.42298163219,724964.9161626701,1.0
2024-10-19,Metropolitana,Hogar,Tienda Física,6,64523.1990955117,Tarjeta Crédito,1908,387139.1945730702,6.285772607968784,24334.68944718502,362804.5051258852,1.0
2024-11-23,Valparaíso,Electrónica,Tienda Física,5,38362.25131933388,Efectivo,3225,191811.2565966694,11.974612672267268,22968.655039259862,168842.60155740954,1.0
2024-05-06,Metropolitana,Ropa,Tienda Física,4,63881.909221166796,Tarjeta Débito,1868,255527.63688466718,10.062310360908802,25711.98388123129,229815.6530034359,1.0
2024-04-15,Valparaíso,Ropa,Tienda Física,4,124801.51948740693,Transferencia,2029,499206.0779496277,5.256322498844225,26239.881390864124,472966.19655876356,5.0
2024-04-01,Araucanía,Ropa,Telefónico,6,38006.717693811894,Tarjeta Crédito,1852,228040.30616287136,14.247474758643616,32489.98506008872,195550.32110278265,3.0
2024-10-13,Valparaíso,Electrónica,Telefónico,4,81043.27014937365,Tarjeta Débito,1306,324173.0805974946,13.518368088189332,43822.91027799199,280350.1703195026,1.0
2024-02-20,Metropolitana,Hogar,Tienda Física,5,121884.02845430838,Tarjeta Crédito,3595,609420.1422715419,10.242579279038356,62420.34121459102,546999.8010569508,4.0
2024-01-29,Valparaíso,Ropa,Tienda Física,6,56254.233893614924,Efectivo,3374,337525.40336168953,7.289423361394452,24603.655603287854,312921.7477584017,2.0
2024-10-22,Metropolitana,Ropa,Tienda Física,5,98120.39736539112,Efectivo,4427,4764868.374560145,6.216228906800943,30496.94252247697,2945661.19094044,2.0
2024-10-23,Antofagasta,Ropa,Tienda Física,7,40616.57823707811,Transferencia,2816,284316.0476595468,8.633924794321267,24547.633733111878,259768.4139264349,2.0
2024-08-01,Metropolitana,Hogar,E-commerce,9,20845.519578383188,Tarjeta Crédito,1394,187609.6762054487,7.554282810460905,14172.565520349573,173437.11068509912,1.0
2024-09-23,Biobío,Deportes,E-commerce,7,120185.71263846417,Tarjeta Crédito,3347,841299.9884692492,10.066912010062987,84692.92957986938,756607.0588893798,3.0
2024-09-13,Antofagasta,Hogar,E-commerce,7,19350.450394262487,Tarjeta Crédito,4597,135453.1527598374,14.664092961234289,19862.97623962524,115590.17652021215,2.0
2024-10-28,Araucanía,Ropa,E-commerce,4,44350.302286539765,Efectivo,1748,177401.20914615906,10.749534932296413,19069.80494748259,158331.40419867646,2.0
2024-04-10,Biobío,Ropa,E-commerce,1,128990.86618962881,Transferencia,3332,128990.86618962881,13.899310558900979,17928.84108431291,111062.0251053159,5.0
2024-12-11,Araucanía,Ropa,E-commerce,8,55238.04662640674,Tarjeta Crédito,1329,441904.37301125395,11.508788374957772,50857.839109549226,391046.5339017047,4.0
2024-04-19,Antofagasta,Hogar,Tienda Física,4,146091.57567955335,Tarjeta Crédito,3097,584366.3027182134,9.752465265872004,56990.12069805421,527376.1820201592,4.0
2024-06-30,Biobío,Hogar,E-commerce,1,147061.47854220966,Tarjeta Débito,3031,147061.47854220966,13.546075627333712,19921.05910200286,127140.41944020681,5.0
2024-11-08,Biobío,Alimentos,Tienda Física,5,43900.02296576572,Tarjeta Crédito,1772,219500.1148288286,9.713681101729975,21321.54117240352,198178.57365642508,5.0
2024-01-01,Biobío,Hogar,Tienda Física,8,10941.842226234116,Transferencia,2645,87534.73780987292,0.0,0.0,87534.73780987292,4.0
2024-11-14,Valparaíso,Electrónica,Tienda Física,4,107234.17620977997,Tarjeta Débito,2732,428936.70483911986,13.68628170510361,58705.48576087073,370231.2190782491,1.0
2024-02-24,Biobío,Hogar,Tienda Física,8,70393.04288400983,Tarjeta Débito,1377,563144.3430720787,,44577.19798938625,518567.1450826924,2.0
2024-05-28,Valparaíso,Alimentos,Telefónico,8,19609.162374138563,Tarjeta Débito,2787,156873.2989931085,6.288130737629881,9864.398133119683,147008.90085998882,1.0
2024-11-04,Metropolitana,Electrónica,Tienda Física,3,107590.8087518162,Efectivo,2623,322772.4262554486,13.553144643629384,43745.81380015294,279026.6124552957,2.0
2024-05-16,Metropolitana,Deportes,Tienda Física,9,9520.361821228576,Tarjeta Débito,1999,85683.25639105719,0.0,0.0,85683.25639105719,3.0
2024-07-20,Metropolitana,Ropa,Tienda Física,3,131178.5201213751,Tarjeta Crédito,2848,393535.5603641253,10.874151637926667,42793.653583159416,350741.90678096586,5.0
2024-11-08,Metropolitana,Deportes,E-commerce,1,25104.61672142904,Efectivo,2561,25104.61672142904,0.7077442549391166,177.67648257039883,24926.940238858642,5.0
2024-04-26,Metropolitana,Deportes,Tienda Física,2,23460.222418275127,Efectivo,1773,46920.444836550254,0.0,0.0,46920.444836550254,3.0
2024-06-02,Biobío,Ropa,Telefónico,6,30472.483205444754,Efectivo,4215,182834.8992326685,13.890923982489602,25397.456865871445,157437.44236679707,2.0
2024-10-17,Metropolitana,Electrónica,E-commerce,2,144238.62198134966,Efectivo,2083,288477.2439626993,14.378272069923831,41478.04299677483,246999.20096592448,1.0
2024-03-03,Araucanía,Electrónica,E-commerce,6,105509.55723680767,Efectivo,3915,633057.343420846,5.536283903714492,35047.85180509087,598009.4916157551,3.0
2024-08-31,Metropolitana,Electrónica,E-commerce,1,121198.87264222732,Efectivo,2803,121198.87264222732,10.009693018588683,12131.635093477218,109067.2375487501,4.0
2024-01-25,Metropolitana,Alimentos,Tienda Física,1,62657.07293124919,Efectivo,2098,62657.07293124919,0.0,0.0,62657.07293124919,3.0
2024-03-30,Araucanía,Hogar,Tienda Física,5,53765.345488218554,Tarjeta Débito,3050,268826.7274410928,8.749645490745293,23521.385635467712,245305.34180562507,5.0
2024-03-15,Biobío,Hogar,E-commerce,9,39000.18098355964,Transferencia,2598,351001.6288520368,11.25858397070117,39517.813122835425,311483.81572920136,1.0
2024-10-20,Metropolitana,Hogar,Tienda Física,8,74693.9641052993,Tarjeta Crédito,1747,597551.7128423944,12.935911972023234,77298.7635606092,520252.9492817852,5.0
2024-07-28,Araucanía,Deportes,Tienda Física,3,85015.16636245443,Tarjeta Crédito,2471,255045.4990873633,7.80590215974369,19908.602121589563,235136.89696577375,1.0
2024-12-12,Araucanía,Electrónica,E-commerce,3,96607.35232964953,Tarjeta Débito,2764,289822.0569889486,10.567983843731717,30628.34815816302,259193.7088307856,3.0
2024-01-17,Metropolitana,Electrónica,Tienda Física,1,42282.183079810704,Tarjeta Débito,4973,42282.183079810704,0.0,0.0,42282.183079810704,3.0
2024-05-07,Metropolitana,Electrónica,Telefónico,3,142554.84173093364,Efectivo,3322,427664.5251928009,12.087285799048995,51693.03342119974,375971.49177160114,1.0
2024-12-29,Antofagasta,Deportes,Tienda Física,1,29614.982240034697,Transferencia,2553,29614.982240034697,0.0,0.0,29614.982240034697,5.0
2024-09-07,Biobío,Ropa,E-commerce,8,145019.7103411298,,2615,1160157.6827290384,6.34431082835734,73604.00949139797,1086553.6732376404,1.0
2024-06-27,Valparaíso,Hogar,E-commerce,1,7154.137763588049,Tarjeta Débito,3262,7154.137763588049,3.5519382371914903,254.11055476624006,6900.027208821809,3.0
2024-06-30,Araucanía,Electrónica,E-commerce,5,74763.22531344261,Efectivo,4754,373816.1265672131,13.140669059512668,49121.94008328648,324694.1864839266,1.0
2024-05-31,Metropolitana,Hogar,Tienda Física,9,53338.33652690161,Tarjeta Crédito,2508,480045.02874211443,11.06109599852973,53098.24146533491,426946.78727677953,5.0
2024-01-25,Valparaíso,Electrónica,E-commerce,7,70122.89501988637,Tarjeta Crédito,1328,490860.2651392046,14.495374371136517,71152.03307108102,419708.2320681236,1.0
2024-06-28,Metropolitana,Deportes,E-commerce,4,87746.36395221441,Efectivo,3302,350985.45580885763,8.395289191306933,29466.244034580395,321519.2117742772,1.0
2024-07-16,Araucanía,Alimentos,Tienda Física,9,68160.42791184281,Transferencia,2410,613443.8512065853,6.081459423371987,37306.33889629891,576137.5123102864,1.0
2024-12-09,Biobío,Ropa,Tienda Física,9,65152.79329373127,Efectivo,1125,586375.1396435815,10.065012010369253,59018.728230945955,527356.4114126355,1.0
2024-06-09,Biobío,Alimentos,E-commerce,2,111244.89523492946,Efectivo,1766,222489.7904698589,5.858107717094389,13033.69158526194,209456.09888459698,5.0
2024-06-25,Metropolitana,Electrónica,E-commerce,6,104452.05988753737,Transferencia,4655,626712.3593252242,14.695265233240068,92097.04345233824,534615.315872886,3.0
2024-10-11,Metropolitana,Alimentos,Tienda Física,4,125824.33589519795,Transferencia,2573,503297.3435807918,5.386849582571916,27111.87085177742,476185.47272901435,4.0
2024-03-03,Valparaíso,Alimentos,Telefónico,8,41244.05227972686,Transferencia,4395,329952.41823781485,12.535039011073081,41359.664344089106,288592.75389372575,5.0
2024-05-29,Araucanía,Hogar,Tienda Física,7,93381.63391433923,Tarjeta Crédito,2227,653671.4374003746,10.25102398142244,67008.01580762117,586663.4215927534,5.0
2024-06-02,Valparaíso,Alimentos,Tienda Física,7,89853.2438819638,Efectivo,2195,628972.7071737467,8.686206524982886,54633.86833088748,574338.8388428591,5.0
2024-06-04,Metropolitana,Hogar,E-commerce,9,58611.98257653987,Tarjeta Débito,2758,527507.8431888588,5.6584216450865465,29848.617978527585,497659.22521033126,1.0
2024-02-18,Araucanía,Hogar,E-commerce,5,75478.34357588874,Transferencia,1216,377391.71787944366,11.221669241736077,42349.65032613692,335042.06755330676,2.0
2024-12-02,Metropolitana,Electrónica,E-commerce,6,50498.41077933067,Transferencia,4316,302990.464675984,10.852203293909552,32881.14118779899,270109.323488185,1.0
2024-03-24,Antofagasta,Hogar,Telefónico,1,25567.437654462854,Efectivo,2359,25567.437654462854,0.0,0.0,25567.437654462854,5.0
2024-12-26,Metropolitana,Alimentos,Tienda Física,6,36001.17554609626,Tarjeta Débito,4774,216007.05327657756,7.808832730675998,16867.629476830127,199139.42379974743,5.0
2024-06-25,Biobío,Deportes,Tienda Física,2,20299.47872817416,Efectivo,2321,40598.95745634832,0.0,0.0,40598.95745634832,5.0
2024-05-27,Metropolitana,Ropa,Tienda Física,6,104045.088402568,Efectivo,1831,624270.530415408,14.102217014103122,88035.98495427346,536234.5454611345,4.0
2024-04-27,Antofagasta,Alimentos,E-commerce,9,100805.47200082697,Transferencia,1181,907249.2480074427,8.04110007342837,72952.8199477048,834296.4280597379,5.0
2024-12-07,Valparaíso,Alimentos,E-commerce,8,142837.92387908156,Transferencia,1333,1142703.3910326525,9.497254105921062,108525.44472334778,1034177.9463093047,1.0
2024-03-03,Metropolitana,Electrónica,Tienda Física,9,110803.36997884998,Tarjeta Crédito,1510,997230.3298096498,10.437624559186556,104087.15781586911,893143.1719937808,5.0
2024-07-07,Metropolitana,Ropa,Tienda Física,8,12546.64661963906,Tarjeta Débito,1382,100373.17295711247,6.002318781762861,6024.717812256084,94348.45514485639,1.0
2024-12-25,Metropolitana,Electrónica,Tienda Física,3,133215.55021969834,Tarjeta Débito,4788,399646.65065909503,14.321617192136323,57235.863428589946,342410.7872305051,2.0
2024-02-18,Metropolitana,Ropa,E-commerce,8,130087.89862713024,Transferencia,2896,1040703.1890170419,8.745361524510411,91013.25627664925,949689.9327403926,4.0
2024-11-22,Antofagasta,Deportes,Tienda Física,6,69281.44651204131,Transferencia,4270,415688.6790722478,5.807792138743436,24142.33442480444,391546.3446474434,4.0
2024-09-13,Valparaíso,Electrónica,Tienda Física,6,89950.14232654862,Transferencia,1331,539700.8539592917,8.872911736753299,47887.18041431178,491813.67354497995,1.0
2024-08-11,Araucanía,Alimentos,E-commerce,6,146531.35820851524,Tarjeta Débito,2188,879188.1492510915,11.002025470925807,96728.50411796628,782459.6451331252,1.0
2024-05-20,Biobío,Ropa,E-commerce,3,82184.1327579841,,2265,246552.3982739523,10.136526718213297,24991.849725434837,221560.54854851746,4.0
2024-08-02,Biobío,Ropa,E-commerce,1,136271.665114533,Tarjeta Débito,1899,136271.665114533,11.94541974037274,16278.222385126059,119993.44272940695,3.0
2024-07-29,Metropolitana,Hogar,E-commerce,4,17040.619882477033,Transferencia,1641,68162.47952990813,3.305652934128584,2253.2150045552034,65909.26452535293,4.0
2024-11-13,Metropolitana,Hogar,Tienda Física,6,32702.520962759012,Transferencia,2250,196215.12577655408,5.554839420679106,10899.435155971116,185315.69062058296,1.0
2024-02-01,Araucanía,Electrónica,E-commerce,2,68909.46679899108,Tarjeta Crédito,1633,137818.93359798216,7.8454061027205615,10812.45502720049,127006.47857078168,3.0
2024-06-06,Antofagasta,Electrónica,E-commerce,7,89789.73720890918,Efectivo,4627,4950822.244461917,13.192305768401022,82917.35676870131,3579839.343239416,4.0
2024-10-11,Metropolitana,Electrónica,Telefónico,7,123353.03852010603,Efectivo,3498,863471.2696407422,5.798936877913609,50072.15388538586,813399.1157553564,2.0
2024-10-31,Metropolitana,Ropa,Tienda Física,4,148298.0066957621,Tarjeta Débito,1195,593192.0267830484,13.554859546959575,80406.34607420504,512785.6807088434,2.0
2024-10-12,Valparaíso,Electrónica,Tienda Física,4,61383.466988746884,Efectivo,2893,245533.86795498754,5.918960920771062,14533.053691513334,231000.8142634742,2.0
2024-05-23,Antofagasta,Alimentos,Tienda Física,1,11875.267240312314,Efectivo,4275,11875.267240312314,0.0,0.0,11875.267240312314,1.0
2024-01-19,Metropolitana,Ropa,Tienda Física,2,121169.8679778221,Tarjeta Débito,1457,242339.7359556442,13.344542148916963,32339.128208175014,210000.60774746918,1.0
2024-01-18,Valparaíso,Ropa,E-commerce,9,92635.20426700718,Transferencia,1829,833716.8384030646,8.607884010787267,71765.37842813852,761951.4599749261,2.0
2024-09-13,Antofagasta,Hogar,Tienda Física,8,33788.714535889245,Efectivo,3304,270309.71628711396,11.122090632572158,30064.091634101478,240245.6246530125,2.0
2024-03-18,Metropolitana,Ropa,Tienda Física,8,76750.12621010593,Transferencia,4600,614001.0096808474,6.5288711564799815,40087.334821548706,573913.6748592987,1.0
2024-06-23,Metropolitana,Deportes,Tienda Física,9,112634.98560239004,Tarjeta Débito,4343,1013714.8704215103,5.661687217251808,57393.36523803538,956321.505183475,3.0
2024-07-12,Biobío,Electrónica,Tienda Física,7,116709.70912495334,Transferencia,3056,816967.9638746734,7.159382040201351,58489.857679842025,758478.1061948313,1.0
2024-04-22,Antofagasta,Hogar,Tienda Física,9,77444.66973982049,Transferencia,3808,697002.0276583844,6.278538179086955,43761.53841554189,653240.4892428425,4.0
2024-04-23,Metropolitana,Alimentos,Tienda Física,2,49256.106868684576,Tarjeta Débito,3996,98512.21373736915,0.0,0.0,98512.21373736915,1.0
2024-08-09,Valparaíso,Electrónica,Tienda Física,6,146192.67439558156,Transferencia,2224,877156.0463734893,8.124058976796318,71260.67452591713,805895.3718475722,1.0
2024-06-14,Valparaíso,Electrónica,E-commerce,3,101187.57858869147,Efectivo,4130,303562.7357660744,10.1438324651102,30792.895342615746,272769.84042345866,2.0
2024-11-14,Valparaíso,Hogar,E-commerce,6,64194.44030521331,Efectivo,1886,385166.64183127985,10.887594635650096,41935.38263433604,343231.25919694384,1.0
2024-05-11,Biobío,Electrónica,Tienda Física,3,45667.167509674604,Efectivo,1392,137001.5025290238,12.898681073797428,17671.386877529298,119330.1156514945,4.0
2024-09-20,Valparaíso,Ropa,Telefónico,8,111009.9325355165,Efectivo,2675,888079.460284132,11.562398932483585,102683.29003549846,785396.1702486336,5.0
2024-02-24,Valparaíso,Electrónica,E-commerce,4,40116.59961109632,Transferencia,4190,160466.39844438527,11.08758325129553,17791.845517876813,142674.55292650845,1.0
2024-12-24,Valparaíso,Alimentos,E-commerce,6,29897.948401184785,Efectivo,4624,179387.69040710872,9.117820274857745,16356.2472065384,163031.44320057033,3.0
2024-05-10,Biobío,Alimentos,Tienda Física,9,81825.91389950018,Transferencia,3446,736433.2250955016,9.738084349601387,71714.4886382898,664718.7364572119,4.0
2024-10-14,Valparaíso,Ropa,Tienda Física,2,47048.17193340057,Tarjeta Crédito,4905,94096.34386680114,0.0,0.0,94096.34386680114,5.0
2024-09-22,Araucanía,Ropa,Tienda Física,2,96191.24601392419,Transferencia,3378,192382.49202784838,9.14520829390181,17593.77961694578,174788.7124109026,1.0
2024-06-10,Metropolitana,Alimentos,Tienda Física,7,22101.107856763854,Efectivo,4338,154707.754997347,13.421660300613832,20764.349334449835,133943.40566289716,5.0
2024-03-27,Araucanía,Electrónica,Tienda Física,2,99966.46016226163,Tarjeta Crédito,4591,199932.92032452326,7.300004525483999,14595.112231622517,185337.80809290076,3.0
2024-02-24,Araucanía,Alimentos,Telefónico,2,46077.99655966682,Tarjeta Débito,4766,92155.99311933364,0.0,0.0,92155.99311933364,4.0
2024-10-14,Metropolitana,Alimentos,Tienda Física,4,5035.225493004346,Transferencia,3527,20140.901972017386,0.0,0.0,20140.901972017386,4.0
2024-06-26,Valparaíso,Alimentos,Tienda Física,9,23405.728362755573,Efectivo,3181,210651.55526480015,5.057209315419646,10653.090075927837,199998.4651888723,5.0
2024-12-14,Valparaíso,Ropa,E-commerce,8,140374.22978608863,Efectivo,4764,1122993.838288709,11.513198972262392,129292.51504842564,993701.3232402834,1.0
2024-01-08,Metropolitana,Electrónica,Tienda Física,2,130766.42267172689,Efectivo,1915,261532.84534345378,7.024621836388314,18371.693363323935,243161.15198012986,2.0
2024-11-16,Valparaíso,Hogar,E-commerce,8,38873.30964525434,Tarjeta Débito,1934,310986.4771620347,13.901151363098093,43230.70090906093,267755.77625297377,5.0
2024-11-08,Metropolitana,Alimentos,E-commerce,4,117863.92615909623,Tarjeta Crédito,1354,471455.7046363849,13.590463297066561,64073.01450053442,407382.6901358505,1.0
2024-09-03,Metropolitana,Electrónica,E-commerce,2,93242.88101022627,Tarjeta Crédito,3631,186485.76202045253,5.767273719282059,10755.144343208443,175730.6176772441,4.0
2024-11-18,Araucanía,Alimentos,Telefónico,7,145781.18316023107,Efectivo,2521,1020468.2821216175,6.0638840541407735,61880.013437137044,958588.2686844805,1.0
2024-09-11,Metropolitana,Electrónica,Tienda Física,6,59172.82063243857,Transferencia,3672,355036.9237946314,9.951715922466663,35332.26607590616,319704.6577187252,1.0
2024-11-23,Araucanía,Electrónica,E-commerce,5,103811.78881498984,Efectivo,4178,519058.9440749492,,57575.19440810647,461483.74966684275,4.0
2024-02-23,Valparaíso,Electrónica,Telefónico,1,14212.679751468195,Efectivo,3337,14212.679751468195,0.0,0.0,14212.679751468195,5.0
2024-09-05,Araucanía,Electrónica,E-commerce,2,62455.86528837886,Transferencia,3872,124911.73057675772,7.7490833748224075,9679.51414732649,115232.21642943122,1.0
2024-08-26,Biobío,Ropa,Tienda Física,8,144753.56087228618,Efectivo,1628,1158028.4869782894,12.167977166993706,140908.64188280096,1017119.8450954885,1.0
2024-08-16,Metropolitana,Electrónica,Telefónico,1,83152.22679526747,Tarjeta Débito,4066,83152.22679526747,0.0,0.0,83152.22679526747,3.0
2024-03-07,Biobío,Deportes,Tienda Física,3,46742.52798355246,Efectivo,3679,140227.5839506574,10.949160209188715,15353.742824232082,124873.84112642531,1.0
2024-02-20,Metropolitana,Ropa,Telefónico,2,22439.289653647993,Tarjeta Débito,2170,44878.579307295986,0.0,0.0,44878.579307295986,3.0
2024-04-06,Valparaíso,Electrónica,Tienda Física,5,107011.60932632191,Efectivo,1326,535058.0466316096,8.248241097485547,44132.8776976718,490925.16893393773,1.0
2024-04-01,Antofagasta,Ropa,E-commerce,4,98504.12629731039,Tarjeta Crédito,2438,394016.50518924155,5.253714880423156,20700.50376445046,373316.0014247911,1.0
2024-09-20,Metropolitana,Alimentos,E-commerce,7,59221.11347254732,Transferencia,3257,414547.7943078312,12.501502812985176,51824.704166561525,362723.09014126967,4.0
2024-10-17,Valparaíso,Alimentos,Tienda Física,5,142886.49602054598,Tarjeta Crédito,4367,714432.4801027299,7.147536658250827,51064.32341379316,663368.1566889368,5.0
2024-04-05,Biobío,Electrónica,Tienda Física,8,8219.407883238297,Efectivo,2421,65755.26306590637,0.0,0.0,65755.26306590637,1.0
2024-03-28,Antofagasta,Alimentos,Tienda Física,4,49039.95848661474,Efectivo,2126,196159.83394645897,13.344737434626284,26177.014792353864,169982.8191541051,4.0
2024-03-18,Biobío,Alimentos,Telefónico,6,138555.0755134393,Tarjeta Débito,3683,831330.4530806359,9.20290260054255,76506.53188566,754823.9211949758,4.0
2024-10-14,Metropolitana,Electrónica,E-commerce,4,51535.63855631885,Efectivo,2780,206142.5542252754,10.770774426317654,22203.149512253967,183939.40471302145,1.0
2024-04-29,Biobío,Electrónica,E-commerce,2,41576.66090899971,Efectivo,2531,83153.32181799941,0.2198582081072742,182.8194033307286,82970.50241466869,5.0
2024-10-28,Metropolitana,Ropa,E-commerce,1,82461.95944003086,Efectivo,2914,82461.95944003086,4.1829688956547555,3449.358114123931,79012.60132590693,2.0
2024-06-13,Biobío,Electrónica,E-commerce,1,124451.253738478,Tarjeta Crédito,3915,124451.253738478,13.72948730409002,17086.519081805192,107364.73465667281,4.0
2024-06-30,Antofagasta,Alimentos,Tienda Física,8,19956.28032736235,Tarjeta Débito,2232,159650.2426188988,13.636230009199533,21770.27429375814,137879.96832514065,2.0
2024-08-10,Biobío,Hogar,Tienda Física,4,141738.00289863173,Tarjeta Crédito,2956,566952.0115945269,8.715195752435733,49410.97763283515,517541.0339616918,3.0
2024-11-06,Araucanía,Deportes,E-commerce,5,120285.56777126879,Tarjeta Débito,3475,601427.838856344,7.088888927148432,42634.55147347548,558793.2873828685,4.0
2024-01-07,Metropolitana,Ropa,Tienda Física,8,31281.287054975033,Tarjeta Crédito,1392,250250.29643980027,12.751460777285946,31910.568395562936,218339.72804423733,4.0
2024-11-25,Biobío,Electrónica,Tienda Física,7,108241.15437373359,Efectivo,1825,757688.0806161352,9.33080203602131,70698.37485282113,686989.705763314,5.0
2024-09-19,Araucanía,Electrónica,Tienda Física,8,60819.01478244579,Tarjeta Crédito,3963,486552.1182595663,6.920419935590041,33671.44978907066,452880.6684704957,4.0
2024-06-09,Metropolitana,Ropa,Tienda Física,8,63332.72832106621,Tarjeta Crédito,4180,506661.8265685297,14.044253423171503,71156.87092175399,435504.9556467757,1.0
2024-05-30,Araucanía,Alimentos,E-commerce,6,118577.06340363562,Tarjeta Débito,2912,711462.3804218137,6.981041942410874,49667.487181721626,661794.8932400921,1.0
2024-03-25,Metropolitana,Alimentos,Tienda Física,2,144603.79715720617,Tarjeta Débito,3395,289207.59431441233,5.258071681912311,15206.742618585953,274000.8516958264,2.0
2024-05-26,Biobío,Hogar,E-commerce,6,23365.10156284312,Tarjeta Crédito,1049,140190.60937705872,5.2027997376742,7293.836656913473,132896.77272014524,3.0
2024-04-21,Araucanía,Electrónica,Tienda Física,1,65991.38434742882,Tarjeta Débito,3963,65991.38434742882,0.0,0.0,65991.38434742882,2.0
2024-02-05,Biobío,Electrónica,Tienda Física,1,74736.53317222401,Tarjeta Débito,4176,74736.53317222401,0.0,0.0,74736.53317222401,1.0
2024-10-11,Metropolitana,Ropa,Tienda Física,3,59565.21345847465,Tarjeta Débito,4491,178695.64037542394,11.223153564542642,20055.286132476693,158640.35424294724,2.0
2024-07-06,Biobío,Electrónica,E-commerce,3,57662.42293885263,Transferencia,2396,172987.2688165579,11.616750607175304,20095.499600583462,152891.76921597443,1.0
2024-03-22,Valparaíso,Hogar,E-commerce,5,12578.9567964315,Tarjeta Débito,2050,62894.783982157496,1.2437163314559112,782.2327000200092,62112.55128213749,2.0
2024-01-02,Antofagasta,Ropa,Telefónico,1,104403.09998158038,Transferencia,4015,104403.09998158038,8.11041705056984,8467.526822229573,95935.57315935081,5.0
2024-10-29,Valparaíso,Deportes,E-commerce,6,68251.09048240658,Transferencia,1799,409506.5428944395,8.200109892470634,33579.98653420143,375926.55636023806,3.0
2024-07-15,Metropolitana,Hogar,E-commerce,7,33245.10138336938,Tarjeta Débito,2792,232715.70968358565,8.394939150599427,19536.342221822633,213179.36746176303,2.0
2024-01-11,Araucanía,Electrónica,E-commerce,3,123324.85783379992,Tarjeta Crédito,4344,369974.5735013998,11.801585467588787,43662.865500114785,326311.708001285,1.0
2024-08-21,Valparaíso,Ropa,Telefónico,4,121371.30848198605,Tarjeta Débito,4064,485485.2339279442,5.581337910268286,27096.571409975022,458388.6625179692,1.0
2024-07-13,Biobío,Ropa,E-commerce,3,75526.7860728896,Efectivo,3696,226580.3582186688,14.291163526913257,32380.9695128958,194199.38870577302,4.0
2024-04-28,Biobío,Hogar,Tienda Física,1,48275.345866425276,Tarjeta Crédito,2363,48275.345866425276,0.0,0.0,48275.345866425276,3.0
2024-01-20,Antofagasta,Deportes,E-commerce,8,97523.4452404856,Transferencia,3348,780187.5619238848,7.225210441774465,56370.19318955014,723817.3687343346,1.0
2024-09-17,Biobío,Alimentos,E-commerce,2,46782.05968772344,Transferencia,4551,93564.11937544688,2.161135377455211,2022.0472844272083,91542.07209101967,4.0
2024-10-19,Valparaíso,Electrónica,E-commerce,1,39221.149896938245,Tarjeta Crédito,4905,39221.149896938245,3.339668677278712,1309.8564579765784,37911.293438961664,5.0
2024-09-12,Metropolitana,Electrónica,Tienda Física,8,110924.62483381736,Tarjeta Crédito,4615,887396.9986705389,14.996732052420922,133080.55013184596,754316.4485386929,4.0
2024-08-09,Metropolitana,Ropa,E-commerce,7,10847.159759537852,Tarjeta Débito,4628,75930.11831676496,2.1470939342612665,1630.2909646566634,74299.82735210829,4.0
2024-08-13,Metropolitana,Alimentos,Telefónico,7,18741.428300016123,Transferencia,4336,131189.99810011286,6.71522693787187,8809.706092212375,122380.29200790048,4.0
2024-02-22,Metropolitana,Electrónica,Tienda Física,4,5984.285233420518,Efectivo,2565,23937.140933682073,0.0,0.0,23937.140933682073,4.0
2024-12-20,Biobío,Ropa,E-commerce,9,27176.76203893679,Tarjeta Débito,4667,244590.8583504311,12.715464573123775,31100.863942648422,213489.99440778268,3.0
2024-12-07,Araucanía,Ropa,Tienda Física,6,15003.551263016621,Tarjeta Crédito,3213,90021.30757809973,0.0,0.0,90021.30757809973,1.0
2024-12-29,Valparaíso,Electrónica,Tienda Física,2,149391.3433280882,Transferencia,3363,298782.6866561764,7.234125449296251,21614.314373485533,277168.3722826909,3.0
2024-10-06,Araucanía,Ropa,Tienda Física,1,46877.44564334299,Tarjeta Crédito,1000,46877.44564334299,0.0,0.0,46877.44564334299,1.0
2024-03-21,Antofagasta,Deportes,Tienda Física,1,26643.861837040855,Tarjeta Crédito,2019,26643.861837040855,0.0,0.0,26643.861837040855,3.0
2024-07-20,Araucanía,Electrónica,E-commerce,9,39944.4574094081,Tarjeta Crédito,4832,359500.11668467295,5.80846801643254,20881.44929666689,338618.66738800606,3.0
2024-06-06,Biobío,Hogar,Tienda Física,4,140738.20787331954,Tarjeta Débito,2284,562952.8314932782,13.749333243506488,77402.26080576635,485550.5706875118,2.0
2024-04-29,Valparaíso,Hogar,Tienda Física,5,80423.23233853737,Efectivo,1062,402116.16169268684,13.587512591908919,54637.58410409465,347478.5775885922,5.0
2024-02-28,Valparaíso,Alimentos,Tienda Física,3,57898.62396463925,Efectivo,3530,173695.87189391773,9.035703924496014,15694.644713406293,158001.22718051143,5.0
2024-08-02,Metropolitana,Deportes,Tienda Física,4,131641.7613968368,Transferencia,4747,526567.0455873472,12.023961425404268,63314.21844031354,463252.8271470337,2.0
2024-05-07,Valparaíso,Hogar,Tienda Física,8,62273.58922960971,Tarjeta Crédito,4392,498188.71383687767,10.570659326839172,52661.83174445802,445526.88209241966,2.0
2024-08-11,Antofagasta,Alimentos,E-commerce,4,53576.24264386589,Efectivo,2869,214304.97057546355,13.529561136737488,28994.522013074627,185310.44856238892,3.0
2024-07-27,Araucanía,Ropa,Tienda Física,9,35055.965769711656,Tarjeta Crédito,4272,315503.6919274049,8.150559693186544,25715.316744750515,289788.37518265436,2.0
2024-04-24,Metropolitana,Ropa,E-commerce,9,59780.53946686467,Transferencia,3269,538024.8552017821,10.236723999989852,55076.11947835148,482948.7357234306,1.0
2024-07-27,Valparaíso,Hogar,E-commerce,6,50919.231622454274,Tarjeta Crédito,1151,305515.38973472564,9.853723712045504,30104.642402238893,275410.74733248673,3.0
2024-01-14,Araucanía,Electrónica,Tienda Física,2,103209.07409823044,Efectivo,1643,206418.14819646088,8.539058262568588,17626.165939010967,188791.9822574499,2.0
2024-01-09,Metropolitana,Hogar,E-commerce,7,46989.49217725543,Tarjeta Crédito,1625,328926.445240788,13.914550645563722,45768.63680968187,283157.8084311061,2.0
2024-02-09,Valparaíso,Ropa,Tienda Física,9,88693.96323127141,Efectivo,4533,798245.6690814426,6.658779246625355,53153.416949880804,745092.2521315619,3.0
2024-08-24,Araucanía,Electrónica,Tienda Física,6,14554.363929636042,Transferencia,1216,87326.18357781625,0.0,0.0,87326.18357781625,4.0
2024-10-07,Valparaíso,Deportes,Tienda Física,3,32736.927720994583,Tarjeta Crédito,1195,98210.78316298375,0.0,0.0,98210.78316298375,5.0
2024-12-24,Metropolitana,Electrónica,Tienda Física,7,64073.76438364557,Efectivo,4864,448516.350685519,6.495086395206961,29131.524473653888,419384.8262118651,3.0
2024-07-19,Valparaíso,Electrónica,E-commerce,5,140857.64181676085,Transferencia,4273,704288.2090838043,,75845.46879777324,628442.740286031,2.0
2024-09-02,Araucanía,Ropa,E-commerce,1,59701.53792877583,Tarjeta Crédito,4042,59701.53792877583,2.206439013999717,1317.2780248183485,58384.259903957485,4.0
2024-10-04,Biobío,Alimentos,Tienda Física,3,101290.74757397594,Transferencia,2014,303872.2427219278,11.57494229984942,35173.03676032152,268699.2059616063,2.0
2024-08-22,Metropolitana,Electrónica,E-commerce,5,41987.64725110273,Efectivo,3694,209938.23625551365,6.946192543245652,14582.71411220193,195355.5221433117,2.0
2024-01-04,Valparaíso,Hogar,Tienda Física,7,23419.8685161186,Tarjeta Crédito,4305,163939.0796128302,8.907174422546241,14602.339767831729,149336.73984499846,4.0
2024-06-02,Valparaíso,Deportes,E-commerce,3,13487.807011607269,Tarjeta Crédito,4212,40463.421034821804,0.3281399766787019,132.77666034706922,40330.64437447474,1.0
2024-01-29,Biobío,Hogar,Tienda Física,6,49284.95728869895,Tarjeta Crédito,3755,295709.7437321937,14.465638429787438,42776.302329950166,252933.44140224357,4.0
2024-04-18,Araucanía,Hogar,Tienda Física,5,27860.848885551655,Transferencia,2521,139304.24442775827,7.46617422690674,10400.697594452457,128903.54683330581,5.0
2024-04-07,Metropolitana,Alimentos,Tienda Física,1,30231.51496233801,Transferencia,2578,30231.51496233801,0.0,0.0,30231.51496233801,5.0
2024-08-02,Antofagasta,Electrónica,Tienda Física,6,115310.09971610775,Efectivo,2080,691860.5982966465,11.683607021173941,80834.27343932303,611026.3248573234,2.0
2024-10-19,Metropolitana,Ropa,E-commerce,8,7296.5202870067615,Tarjeta Débito,2527,58372.16229605409,2.007217746300019,1171.6564005054463,57200.505895548646,1.0
2024-03-15,Valparaíso,Hogar,E-commerce,1,85882.46823163799,Tarjeta Crédito,4213,85882.46823163799,3.8242394660999173,3284.3512445750234,82598.11698706297,5.0
2024-11-21,Metropolitana,Hogar,Tienda Física,2,60021.90018605239,Tarjeta Crédito,1721,120043.80037210479,12.401493936975907,14887.224624862038,105156.57574724275,5.0
2024-05-25,Valparaíso,Hogar,E-commerce,4,78449.74998673935,Efectivo,2607,313798.9999469574,9.481286994651596,29752.18377131764,284046.81617563975,2.0
2024-05-07,Valparaíso,Electrónica,E-commerce,2,86610.38439611743,Tarjeta Crédito,2759,173220.76879223486,14.37525986759583,24900.9356585311,148319.83313370377,4.0
2024-12-06,Valparaíso,Hogar,E-commerce,9,50438.31569630534,Transferencia,2562,453944.8412667481,12.366567352187905,56137.39453703488,397807.44672971324,3.0
2024-02-11,Metropolitana,Electrónica,Tienda Física,8,47790.784726721366,Transferencia,1639,382326.2778137709,9.579245798608978,36623.97390445374,345702.3039093172,
2024-12-21,Biobío,Alimentos,Tienda Física,8,111343.26815356132,Tarjeta Crédito,3153,890746.1452284906,10.69335201776094,95250.62089391859,795495.524334572,2.0
2024-02-10,Metropolitana,Hogar,Telefónico,4,131335.16327756777,Tarjeta Crédito,1164,525340.6531102711,11.926134434251008,62652.832527703176,462687.8205825679,1.0
2024-02-03,Araucanía,Hogar,E-commerce,5,32924.336706486545,Transferencia,1214,164621.6835324327,10.921901804292183,17979.818623984935,146641.86490844778,5.0
2024-01-17,Antofagasta,Alimentos,Tienda Física,4,19154.7202775966,Tarjeta Crédito,2094,76618.8811103864,0.0,0.0,76618.8811103864,2.0
2024-06-13,Metropolitana,Ropa,Tienda Física,9,135180.39192684376,Transferencia,4787,1216623.5273415938,13.786975838260759,167735.5917571813,1048887.9355844124,4.0
2024-06-01,Valparaíso,Electrónica,Tienda Física,2,55734.8422288728,Tarjeta Débito,4736,111469.6844577456,8.568886622804012,9551.710879981605,101917.973577764,3.0
2024-03-16,Valparaíso,Deportes,E-commerce,8,84941.02164610806,Tarjeta Débito,4650,679528.1731688645,7.998857400558049,54354.48956839462,625173.6836004698,1.0
2024-03-27,Metropolitana,Electrónica,E-commerce,2,57133.755955400506,Tarjeta Crédito,1089,114267.51191080101,7.138388894952643,8156.859380779307,106110.6525300217,4.0
2024-04-26,Valparaíso,Electrónica,Tienda Física,1,23241.33877017744,Tarjeta Crédito,2795,23241.33877017744,0.0,0.0,23241.33877017744,5.0
2024-12-27,Araucanía,Alimentos,E-commerce,3,90453.08851742056,Tarjeta Crédito,3921,271359.26555226167,5.377829680645951,14593.239124052392,256766.02642820927,2.0
2024-12-07,Biobío,Ropa,E-commerce,9,81145.4235065963,Transferencia,2251,730308.8115593668,5.430139643800553,39656.788298653846,690652.0232607129,5.0
2024-01-27,Metropolitana,Hogar,E-commerce,3,34434.0660827236,Tarjeta Débito,2102,103302.1982481708,13.700551931092829,14152.971316951105,89149.22693121969,3.0
2024-11-08,Araucanía,Electrónica,E-commerce,9,70521.01147458029,Tarjeta Débito,1607,634689.1032712226,11.783931464059073,74791.32893933199,559897.7743318905,5.0
2024-10-13,Valparaíso,Ropa,E-commerce,7,120557.38808226865,Efectivo,1348,843901.7165758805,11.605324154364862,97937.52975288036,745964.1868230002,1.0
2024-05-13,Araucanía,Hogar,Tienda Física,1,90611.78495064424,Efectivo,4913,90611.78495064424,0.0,0.0,90611.78495064424,3.0
2024-08-06,Biobío,Deportes,E-commerce,5,19053.012424714252,Tarjeta Crédito,3941,95265.06212357126,4.5758816859329885,4359.216530805182,90905.84559276608,3.0
2024-06-16,Biobío,Electrónica,Tienda Física,9,84463.11709822458,Transferencia,1245,760168.0538840212,11.14642818934886,84731.58624455318,675436.467639468,1.0
2024-04-07,Metropolitana,Alimentos,Tienda Física,3,106897.0533969901,Tarjeta Crédito,1271,320691.1601909703,13.49219144694105,43268.26528638211,277422.8949045882,2.0
2024-09-24,Metropolitana,Ropa,Tienda Física,9,119941.99383820895,Tarjeta Débito,3030,1079477.9445438804,9.802669256656275,105817.65260218804,973660.2919416924,3.0
2024-08-24,Antofagasta,Alimentos,Tienda Física,5,96222.04890196868,Tarjeta Crédito,1402,481110.2445098434,13.704108285583004,65931.8688806621,415178.3756291813,5.0
2024-11-04,Metropolitana,Alimentos,Tienda Física,9,27135.433858413642,Tarjeta Crédito,4740,244218.9047257228,8.594450261822391,20989.27229661966,223229.63242910313,1.0
2024-06-21,Antofagasta,Ropa,Tienda Física,6,107975.12365557329,Tarjeta Débito,4187,647850.7419334397,14.267075043390905,92429.3515208086,555421.3904126311,5.0
2024-07-08,Valparaíso,Hogar,E-commerce,9,103214.56768181987,Tarjeta Débito,4506,928931.1091363789,11.9865698008124,111346.97579809287,817584.133338286,2.0
2024-05-01,Metropolitana,Electrónica,Tienda Física,7,8541.898026391817,Tarjeta Débito,4601,59793.28618474271,0.0,0.0,59793.28618474271,1.0
2024-02-15,Metropolitana,Electrónica,E-commerce,7,64703.41180058526,Tarjeta Débito,2465,452923.8826040968,7.571771360244273,34294.360826723394,418629.5217773734,1.0
2024-03-04,Metropolitana,Alimentos,Tienda Física,8,53277.785809544126,Efectivo,2195,426222.286476353,10.640849216886252,45353.67083271369,380868.61564363935,3.0
2024-05-09,Antofagasta,Alimentos,Telefónico,7,102064.7493167783,Transferencia,4087,714453.2452174481,10.330305614882555,73805.20370640868,640648.0415110395,2.0
2024-11-05,Valparaíso,Hogar,E-commerce,9,36339.692785083505,Transferencia,4008,327057.23506575153,6.378988217303339,20862.942488682376,306194.29257706914,1.0
2024-12-28,Valparaíso,Electrónica,Tienda Física,9,90676.42883126748,Tarjeta Débito,4823,816087.8594814073,10.912429057506142,89055.00871282897,727032.8507685784,3.0
2024-07-11,Metropolitana,Hogar,E-commerce,6,137414.86446305498,Transferencia,3945,824489.1867783299,8.147856237169579,67178.19362970689,757310.993148623,4.0
2024-11-02,Metropolitana,Ropa,E-commerce,7,120681.34397024813,Transferencia,2079,844769.4077917369,5.523487668096024,46660.7340632244,798108.6737285125,4.0
2024-06-29,Valparaíso,Ropa,E-commerce,2,138611.37175139692,Transferencia,2614,277222.74350279383,14.486561577065649,40160.04344316299,237062.70005963085,1.0
2024-10-18,Metropolitana,Alimentos,E-commerce,9,146883.36520524006,Transferencia,2126,1321950.2868471604,11.414903690642877,150899.3520817806,1171050.9347653799,4.0
2024-10-08,Araucanía,Deportes,E-commerce,1,6547.168415893601,Tarjeta Débito,1283,6547.168415893601,2.067485685316859,135.36176979218678,6411.806646101415,2.0
2024-01-29,Valparaíso,Electrónica,E-commerce,1,95297.48507473424,Tarjeta Crédito,4776,95297.48507473424,2.1179291343953945,2018.3332007438992,93279.15187399034,3.0
2024-05-28,Valparaíso,Ropa,Tienda Física,3,64861.71267504143,Tarjeta Crédito,1516,194585.1380251243,13.76918931870847,26792.796040749545,167792.34198437474,3.0
2024-09-23,Valparaíso,Hogar,Tienda Física,6,129678.90109859266,Tarjeta Crédito,3665,778073.4065915559,11.760560050132531,91505.79021631178,686567.6163752441,1.0
2024-10-22,Valparaíso,Hogar,E-commerce,5,41513.13179132409,Efectivo,2301,207565.65895662046,8.56983692140113,17788.038477414015,189777.62047920644,2.0
2024-01-11,Antofagasta,Electrónica,Tienda Física,2,147249.27592168603,Transferencia,4956,294498.55184337206,10.126880723288114,29823.517076989097,264675.03476638295,1.0
2024-06-12,Valparaíso,Electrónica,Tienda Física,9,93987.65558384336,Tarjeta Débito,1611,845888.9002545902,11.75746760347177,99455.11340879709,746433.7868457931,2.0
2024-04-22,Metropolitana,Alimentos,Tienda Física,4,120062.92332318048,Tarjeta Débito,1749,480251.69329272193,14.602523252014375,70128.86518126249,410122.82811145944,2.0
2024-07-05,Biobío,Hogar,Tienda Física,4,17411.935159301407,Efectivo,2292,69647.74063720563,0.0,0.0,69647.74063720563,4.0
2024-10-21,Metropolitana,Ropa,Telefónico,5,31601.39329003543,Tarjeta Débito,2856,158006.96645017716,7.536694591216965,11908.502494196508,146098.46395598067,2.0
2024-08-19,Metropolitana,Deportes,Tienda Física,8,114968.53258995946,Tarjeta Crédito,1399,919748.2607196757,13.749770586241176,126463.27581989876,793284.984899777,3.0
2024-08-14,Antofagasta,Alimentos,Tienda Física,4,8188.045695701923,Efectivo,2526,32752.182782807693,0.0,0.0,32752.182782807693,2.0
2024-11-05,Araucanía,Electrónica,E-commerce,5,123447.30795459851,Tarjeta Débito,3024,617236.5397729925,14.240778052942694,87899.28569073521,529337.2540822573,1.0
2024-04-07,Antofagasta,Ropa,E-commerce,4,7022.60771032716,Efectivo,3133,28090.43084130864,3.5131355316182606,986.8549068706681,27103.575934437973,3.0
2024-02-24,Valparaíso,Hogar,Tienda Física,6,100282.23166388464,Efectivo,1319,601693.3899833078,11.704155146589565,70423.12787042055,531270.2621128872,3.0
2024-04-20,Valparaíso,Alimentos,Tienda Física,3,57938.61843361185,Tarjeta Débito,2055,173815.85530083557,14.312666274013377,24877.683300530585,148938.17200030497,1.0
2024-05-31,Metropolitana,Alimentos,Telefónico,8,93666.75364428388,Tarjeta Crédito,1335,749334.029154271,8.978785874773685,67281.09796457621,682052.9311896948,4.0
2024-09-02,Metropolitana,Ropa,E-commerce,6,105924.55401342148,Tarjeta Débito,3098,635547.3240805289,14.530161760404427,92346.05425282262,543201.2698277063,4.0
2024-03-09,Araucanía,Hogar,Tienda Física,5,54658.906782014106,Transferencia,4150,273294.53391007055,12.027828771659749,32871.39858100887,240423.13532906168,4.0
2024-11-07,Valparaíso,Alimentos,Tienda Física,2,20654.554976071155,Transferencia,4769,41309.10995214231,0.0,0.0,41309.10995214231,1.0
2024-10-15,Araucanía,Electrónica,Tienda Física,7,15098.650823498518,Tarjeta Débito,1173,105690.55576448962,5.420057674188119,5728.489078605293,99962.06668588432,4.0
2024-09-06,Biobío,Electrónica,Tienda Física,2,90395.72327156944,Tarjeta Crédito,2641,180791.44654313888,14.068728318190528,25435.057436680872,155356.389106458,2.0
2024-02-05,Metropolitana,Hogar,Tienda Física,1,80495.02629144618,Transferencia,1500,80495.02629144618,0.0,0.0,80495.02629144618,1.0
2024-08-26,Valparaíso,Electrónica,E-commerce,7,112619.14632256422,Transferencia,4646,788334.0242579496,9.844728090331927,77609.34113176646,710724.6831261831,2.0
2024-05-27,Biobío,Electrónica,Tienda Física,5,78911.64895057089,Tarjeta Débito,3123,394558.24475285446,9.603269847778328,37890.49295027429,356667.7518025802,1.0
2024-08-14,Metropolitana,Alimentos,E-commerce,1,66254.63955447747,Tarjeta Débito,3363,66254.63955447747,4.713860005526383,3123.150955764177,63131.488598713295,5.0
2024-08-31,Araucanía,Deportes,Tienda Física,4,62722.640844253474,,2856,250890.5633770139,10.664666059796343,26756.640759700233,224133.92261731366,3.0
2024-12-02,Valparaíso,Hogar,E-commerce,4,8834.800876661782,Efectivo,4444,35339.20350664713,1.3353047011968011,471.8860457897639,34867.31746085737,4.0
2024-12-30,Metropolitana,Hogar,E-commerce,7,53655.794246015284,Efectivo,4152,375590.559722107,6.493845467712279,24390.27053966923,351200.2891824378,4.0
2024-07-19,Biobío,Hogar,Tienda Física,9,146522.92284105165,Efectivo,2896,1318706.3055694648,9.691660485673985,127804.53793896706,1190901.7676304977,5.0
2024-06-02,Antofagasta,Hogar,E-commerce,2,131665.55855292786,Tarjeta Débito,2663,263331.1171058557,13.311272167177457,35052.72169882925,228278.39540702646,3.0
2024-03-13,Metropolitana,Electrónica,Tienda Física,1,52759.81971996156,Tarjeta Crédito,2718,52759.81971996156,0.0,0.0,52759.81971996156,5.0
2024-07-19,Araucanía,Deportes,E-commerce,2,90230.33373462397,Transferencia,2778,180460.66746924794,5.154824591375153,9302.430864464533,171158.23660478342,5.0
2024-10-22,Metropolitana,Electrónica,E-commerce,7,127858.02810264663,Efectivo,1696,895006.1967185264,7.729171603243713,69176.56480403991,825829.6319144865,2.0
2024-01-17,Araucanía,Hogar,Tienda Física,6,68984.77882875995,Tarjeta Crédito,4057,413908.6729725597,5.024545864438442,20797.031110394786,393111.6418621649,1.0
2024-05-08,Araucanía,Electrónica,Tienda Física,4,7603.89024377189,Tarjeta Débito,1731,30415.56097508756,0.0,0.0,30415.56097508756,2.0
2024-08-04,Metropolitana,Alimentos,Tienda Física,1,15804.01696370281,Efectivo,2094,15804.01696370281,0.0,0.0,15804.01696370281,4.0
2024-03-01,Metropolitana,Alimentos,E-commerce,1,79006.94459556245,Tarjeta Débito,4016,79006.94459556245,2.2007210326896844,1738.722447000029,77268.22214856243,2.0
2024-04-13,Araucanía,Deportes,Tienda Física,5,145568.70947300235,,3901,727843.5473650118,9.157113091498484,66649.45676138846,661194.0906036233,1.0
2024-02-11,Valparaíso,Alimentos,Tienda Física,1,105515.38362173583,Efectivo,3713,105515.38362173583,12.283155104937347,12960.618229827469,92554.76539190837,5.0
2024-01-25,Araucanía,Hogar,Tienda Física,7,15282.847758592581,Efectivo,4828,106979.93431014806,12.987718291146285,13894.252496255382,93085.68181389268,2.0
2024-02-08,Metropolitana,Electrónica,Tienda Física,1,32457.326989820103,Efectivo,1651,32457.326989820103,0.0,0.0,32457.326989820103,2.0
2024-10-17,Araucanía,Ropa,E-commerce,1,116841.85576644326,Efectivo,2094,116841.85576644326,14.451897611270066,16885.865362474233,99955.99040396903,1.0
2024-05-10,Biobío,Hogar,Tienda Física,2,127008.76519365549,Tarjeta Crédito,1045,254017.53038731098,11.085046129707866,28157.96042097812,225859.56996633287,4.0
2024-08-16,Antofagasta,Ropa,E-commerce,3,94565.71499734567,Efectivo,2070,283697.144992037,7.546268666528954,21408.548760371305,262288.5962316657,1.0
2024-04-17,Metropolitana,Electrónica,Tienda Física,1,98441.35959632341,Transferencia,4662,98441.35959632341,0.0,0.0,98441.35959632341,1.0
2024-06-20,Biobío,Electrónica,Tienda Física,9,9108.930305590773,Transferencia,2445,81980.37275031695,0.0,0.0,81980.37275031695,4.0
2024-04-11,Biobío,Ropa,E-commerce,8,125136.88763931874,Tarjeta Débito,3196,1001095.1011145499,14.24147949136699,142570.75351430825,858524.3476002417,2.0
2024-12-19,Valparaíso,Ropa,Telefónico,5,119299.9051847703,Efectivo,3957,596499.5259238514,12.75315753880376,76072.52425928635,520427.00166456506,1.0
2024-01-12,Valparaíso,Alimentos,E-commerce,2,42560.09589498534,Transferencia,4201,85120.19178997068,3.9798662177615056,3387.669757542845,81732.52203242783,5.0
2024-10-01,Metropolitana,Electrónica,Tienda Física,5,107758.12439499851,Transferencia,1455,538790.6219749926,10.744284830031445,57889.19906249119,480901.4229125014,4.0
2024-04-10,Araucanía,Ropa,Tienda Física,6,36153.917931624725,Transferencia,2662,216923.50758974836,11.956402157189359,25936.246940911496,190987.26064883688,4.0
2024-02-13,Valparaíso,Electrónica,E-commerce,1,10847.873352469383,Tarjeta Crédito,3924,10847.873352469383,3.0484678468701927,330.6939312192288,10517.179421250155,1.0
2024-10-31,Metropolitana,Electrónica,Tienda Física,4,34164.7986756047,Efectivo,4702,136659.1947024188,14.243163550074291,19464.592607679973,117194.60209473883,2.0
2024-01-17,Biobío,Hogar,Tienda Física,9,30901.18712937343,Tarjeta Crédito,1965,2017300.8574294446,12.123940284729215,33717.97327353898,2333386.538258581,3.0
2024-11-25,Valparaíso,Electrónica,E-commerce,2,53973.45952655285,Tarjeta Crédito,3020,107946.9190531057,8.683745075847341,9373.83526780298,98573.08378530272,3.0
2024-02-26,Metropolitana,Electrónica,E-commerce,5,65675.17709044143,Transferencia,1868,328375.8854522072,12.130282022890967,39832.921000518116,288542.96445168904,2.0
2024-11-06,Antofagasta,Hogar,Telefónico,1,78738.13926716764,Transferencia,2528,78738.13926716764,0.0,0.0,78738.13926716764,1.0
2024-10-29,Antofagasta,Hogar,Telefónico,4,74129.31194870757,Tarjeta Débito,3976,296517.2477948303,5.402781627353878,16020.179385794463,280497.06840903586,2.0
2024-01-12,Valparaíso,Electrónica,E-commerce,4,44247.81786496696,Efectivo,4071,176991.27145986783,8.864155618305812,15688.781733020765,161302.48972684707,3.0
2024-11-13,Metropolitana,Electrónica,Tienda Física,6,9229.746943240798,Efectivo,2000,55378.48165944479,0.0,0.0,55378.48165944479,1.0
2024-03-20,Araucanía,Electrónica,Tienda Física,9,92739.73522438685,Transferencia,1773,834657.6170194817,9.063230318455792,75646.9422010103,759010.6748184714,5.0
2024-08-03,Valparaíso,Electrónica,E-commerce,3,62383.000327866386,Transferencia,3291,187149.00098359917,6.6683823442083465,12479.810938952633,174669.19004464653,4.0
2024-12-04,Metropolitana,Ropa,E-commerce,9,48307.462821194706,Efectivo,3521,434767.1653907524,5.230854805517701,22742.039163655263,412025.1262270971,2.0
2024-09-20,Valparaíso,Hogar,Tienda Física,6,130706.45121042429,Tarjeta Débito,3429,784238.7072625457,6.333812366377428,49672.2082225136,734566.4990400322,5.0
2024-05-28,Valparaíso,Hogar,Tienda Física,7,113277.77963073317,Transferencia,2126,792944.4574151322,11.546214957970552,91555.07155046443,701389.3858646678,2.0
2024-03-21,Biobío,Hogar,Tienda Física,2,129376.00451400412,Tarjeta Débito,3536,258752.00902800824,13.022888163636875,33696.9847568811,225055.02427112713,5.0
2024-08-02,Valparaíso,Ropa,E-commerce,6,76772.50523330685,Tarjeta Crédito,2060,460635.0313998411,14.882034927269741,68551.86626016429,392083.16513967677,1.0
2024-07-16,Biobío,Alimentos,Tienda Física,6,23985.031558382732,Transferencia,2677,143910.1893502964,8.463635031084943,12180.033199152358,131730.15615114404,3.0
2024-07-18,Antofagasta,Alimentos,Tienda Física,2,105952.1082375845,Tarjeta Crédito,4620,211904.216475169,10.993792222611017,23296.30927023194,188607.90720493707,1.0
2024-01-25,Valparaíso,Alimentos,E-commerce,2,34880.69809089041,Transferencia,2543,69761.39618178082,0.5529317198197736,385.73288767820657,69375.6632941026,3.0
2024-03-29,Biobío,Ropa,E-commerce,2,68978.30201829894,Tarjeta Crédito,4814,137956.60403659788,14.37144966815122,19826.36391301034,118130.24012358754,3.0
2024-09-24,Antofagasta,Ropa,Tienda Física,1,14425.114397588832,Transferencia,4404,14425.114397588832,0.0,0.0,14425.114397588832,2.0
2024-05-22,Valparaíso,Ropa,E-commerce,5,124669.71835133246,Tarjeta Débito,1396,623348.5917566622,6.670417813381526,41579.95550399929,581768.636252663,3.0
2024-02-28,Valparaíso,Electrónica,E-commerce,8,23261.392951887585,Tarjeta Débito,3343,186091.14361510068,12.176455863427426,22659.30596804008,163431.8376470606,4.0
2024-12-30,Biobío,Electrónica,Tienda Física,2,135949.1385221499,Tarjeta Débito,1106,271898.2770442998,12.549787331491633,34122.65552704956,237775.62151725026,
2024-01-26,Biobío,Hogar,Tienda Física,5,130313.43732792579,Tarjeta Crédito,3907,651567.186639629,5.8897553586933835,38375.71329059527,613191.4733490337,3.0
2024-02-16,Araucanía,Deportes,Tienda Física,8,72364.50084369068,Tarjeta Débito,1953,578916.0067495254,13.612493851830651,78804.90582604267,500111.1009234828,2.0
2024-10-14,Valparaíso,Ropa,Tienda Física,5,112933.38962407864,Tarjeta Crédito,3577,564666.9481203932,13.131050471108438,74146.70195135653,490520.24616903666,5.0
2024-09-22,Antofagasta,Alimentos,Telefónico,2,94819.53570363222,Transferencia,2848,189639.07140726445,5.3340300657743445,10115.405085318764,179523.6663219457,3.0
2024-01-16,Metropolitana,Hogar,Tienda Física,3,121445.96813897301,Tarjeta Crédito,4154,364337.90441691905,5.910844148800515,21535.44570508987,342802.45871182915,3.0
2024-07-17,Metropolitana,Hogar,E-commerce,6,67611.73961395724,Transferencia,1933,405670.4376837434,5.491268938918523,22276.454738902226,383393.9829448412,4.0
2024-10-08,Biobío,Electrónica,Tienda Física,5,118942.23021543075,Efectivo,1287,594711.1510771537,8.347435317993622,49643.128665060736,545068.022412093,4.0
2024-03-26,Metropolitana,Electrónica,Tienda Física,4,72056.23847444645,Efectivo,1705,288224.9538977858,10.092889906799261,29090.227280826446,259134.72661695935,4.0
2024-09-06,Metropolitana,Alimentos,E-commerce,4,141440.0392372051,Efectivo,3043,565760.1569488205,10.323477279546289,58406.121259336905,507354.0356894836,4.0
2024-09-26,Metropolitana,Ropa,Tienda Física,5,75523.9546196464,Tarjeta Crédito,2484,377619.77309823205,7.6766675976944265,28988.614763919195,348631.15833431284,4.0
2024-11-30,Metropolitana,Hogar,Tienda Física,2,72079.79443039079,Efectivo,1214,144159.58886078157,14.115968865602742,20349.522680368846,123810.06618041273,4.0
2024-04-26,Metropolitana,Alimentos,Tienda Física,9,118835.41992670935,Efectivo,2304,1069518.779340384,8.682627898719133,92862.33591704852,976656.4434233356,4.0
2024-01-07,Antofagasta,Electrónica,Tienda Física,2,124128.7653053215,Efectivo,3779,248257.530610643,5.455501559653525,13543.693454420956,234713.83715622206,2.0
2024-05-16,Metropolitana,Deportes,E-commerce,2,85400.92157656976,Transferencia,2977,170801.84315313952,,13668.026559238177,157133.81659390134,1.0
2024-06-24,Araucanía,Hogar,Tienda Física,9,31070.68295678593,Tarjeta Débito,2482,279636.1466110734,10.311094225441554,28833.546565461667,250802.60004561173,3.0
2024-11-23,Araucanía,Hogar,E-commerce,3,72824.94348884904,Tarjeta Crédito,2824,218474.8304665471,9.08221822588232,19842.36087159824,198632.46959494887,3.0
2024-11-10,Antofagasta,Hogar,E-commerce,7,145370.51292190337,Efectivo,1343,1017593.5904533236,7.738425190992592,78745.71874556597,938847.8717077576,2.0
2024-08-02,Metropolitana,Electrónica,Tienda Física,4,114182.99799068185,Transferencia,1193,456731.9919627274,6.313232497643174,28834.552543723916,427897.4394190035,1.0
2024-03-22,Araucanía,Electrónica,Tienda Física,6,122618.57756247417,Tarjeta Débito,1157,735711.465374845,13.191645000962298,97052.4447436272,638659.0206312177,1.0
2024-08-10,Valparaíso,Ropa,Tienda Física,4,9759.697328789818,Tarjeta Débito,1464,39038.78931515927,0.0,0.0,39038.78931515927,2.0
2024-04-12,Biobío,Alimentos,E-commerce,7,72839.62208195319,Tarjeta Débito,3151,509877.3545736723,14.961452421241919,76285.05781122694,433592.29676244536,5.0
2024-09-29,Biobío,Alimentos,Tienda Física,1,98760.06438034553,Transferencia,3081,98760.06438034553,0.0,0.0,98760.06438034553,5.0
2024-01-14,Araucanía,Electrónica,E-commerce,3,125354.73912607082,Efectivo,4173,376064.2173782125,8.29542133523882,31196.11132259114,344868.10605562135,1.0
2024-06-07,Metropolitana,Ropa,Tienda Física,3,12144.679769501863,Tarjeta Débito,3686,36434.03930850559,0.0,0.0,36434.03930850559,5.0
2024-05-31,Araucanía,Electrónica,E-commerce,1,128603.6384180716,Transferencia,2749,128603.6384180716,8.816210441766039,11337.967398705068,117265.67101936653,5.0
2024-04-17,Valparaíso,Electrónica,Tienda Física,6,84518.13582757719,Transferencia,3372,507108.8149654631,11.180375246769572,56696.66842258515,450412.146542878,5.0
2024-07-06,Araucanía,Ropa,E-commerce,9,33610.52573352869,Tarjeta Crédito,4879,302494.73160175816,12.184414747355413,36857.2126872578,265637.51891450037,1.0
2024-10-27,Antofagasta,Ropa,Tienda Física,8,51002.0063852065,Transferencia,3738,408016.051081652,8.920295348035912,36396.23682387644,371619.81425777555,5.0
2024-04-07,Metropolitana,Electrónica,Tienda Física,7,45879.78500397631,Tarjeta Débito,1591,321158.49502783414,14.049295169818151,45120.50492940617,276037.990098428,3.0
2024-05-10,Antofagasta,Electrónica,Tienda Física,8,81974.55997182899,Tarjeta Débito,3188,655796.4797746319,10.600039892289184,69514.68846833915,586281.7913062928,1.0
2024-10-19,Metropolitana,Deportes,Tienda Física,6,12494.423587114114,Transferencia,3521,74966.54152268468,0.0,0.0,74966.54152268468,2.0
2024-06-19,Metropolitana,Electrónica,Telefónico,9,27987.74298248891,Tarjeta Débito,2054,251889.6868424002,9.50390076405931,23939.345872401478,227950.34096999874,5.0
2024-07-01,Metropolitana,Hogar,Tienda Física,3,122840.49128948845,Transferencia,1883,368521.47386846534,11.466727531599052,42257.353303929915,326264.12056453543,4.0
2024-12-29,Metropolitana,Ropa,Tienda Física,9,24227.578658287603,Tarjeta Débito,1062,218048.2079245884,14.528038482491732,31678.127557667787,186370.08036692062,1.0
2024-02-08,Biobío,Electrónica,E-commerce,4,38842.45907142841,Tarjeta Crédito,4631,155369.83628571365,12.945522944217055,20113.43780475954,135256.3984809541,3.0
2024-01-15,Metropolitana,Electrónica,Tienda Física,7,70738.7378126028,Efectivo,2110,495171.16468821967,5.400131305351243,26739.89307940091,468431.27160881873,3.0
2024-01-04,Metropolitana,Hogar,E-commerce,9,79982.52877643291,Tarjeta Crédito,1303,719842.7589878961,8.323099107399596,59913.226248002204,659929.532739894,1.0
2024-12-14,Antofagasta,Alimentos,E-commerce,2,115723.519544053,Tarjeta Crédito,2084,231447.039088106,9.705446849512228,22462.969363465916,208984.06972464008,5.0
2024-07-28,Araucanía,Ropa,Tienda Física,2,69863.20186659723,Efectivo,1395,139726.40373319446,8.145175722091054,11380.961114227082,128345.44261896737,4.0
2024-06-09,Araucanía,Ropa,Telefónico,9,119530.37005015313,Tarjeta Débito,1333,1075773.3304513781,12.001875608304566,129112.97694808962,946660.3535032885,5.0
2024-01-16,Antofagasta,Deportes,Tienda Física,3,94660.21452159133,Efectivo,3833,283980.643564774,13.262691498625811,37663.47667180815,246317.16689296585,2.0
2024-04-17,Biobío,Alimentos,Tienda Física,9,21399.462216454256,Transferencia,1410,192595.15994808832,12.313450951852715,23715.11055585014,168880.04939223817,1.0
2024-11-06,Metropolitana,Hogar,E-commerce,5,27668.058566961594,Efectivo,3331,138340.29283480797,14.893332868282753,20603.480302845066,117736.8125319629,4.0
2024-08-14,Valparaíso,Hogar,E-commerce,6,68369.89019021677,Tarjeta Crédito,1465,410219.3411413006,7.725476478930291,31691.398711893995,378527.9424294066,3.0
2024-06-18,Biobío,Ropa,Tienda Física,2,62548.96199791074,Efectivo,1079,125097.92399582147,13.749894950244215,17200.833134361805,107897.09086145967,2.0
2024-02-03,Metropolitana,Ropa,E-commerce,8,112813.91909740772,Tarjeta Débito,4763,902511.3527792618,12.66622665174486,114314.13350074993,788197.2192785118,5.0
2024-09-07,Biobío,Ropa,Tienda Física,9,89206.88527061603,Tarjeta Crédito,3831,802861.9674355442,8.621787575581461,69221.05335742663,733640.9140781176,2.0
2024-09-03,Metropolitana,Ropa,Tienda Física,2,61279.29674532615,Transferencia,2100,122558.5934906523,12.341245436569686,15125.25682628912,107433.33666436319,4.0
2024-09-25,Metropolitana,Electrónica,E-commerce,6,29760.241100305917,Tarjeta Débito,2977,178561.4466018355,6.040759564182469,10786.46766354295,167774.97893829254,3.0
2024-05-20,Valparaíso,Hogar,Tienda Física,6,37891.37983719679,Tarjeta Crédito,1732,227348.27902318077,12.893334823405525,29312.774829708924,198035.50419347186,4.0
2024-12-25,Valparaíso,Ropa,E-commerce,1,135610.2235553562,Tarjeta Débito,3459,135610.2235553562,5.304235396540856,7193.08547915139,128417.13807620482,3.0
2024-06-25,Metropolitana,Hogar,Tienda Física,6,102186.82652643208,Tarjeta Crédito,2141,613120.9591585925,5.494474366793472,33687.77393840714,579433.1852201853,3.0
2024-09-20,Metropolitana,Ropa,E-commerce,8,36438.0700097207,Transferencia,4587,291504.5600777656,14.55621379781356,42432.02699529544,249072.53308247018,2.0
2024-06-09,Metropolitana,Alimentos,E-commerce,5,11491.416359830597,Tarjeta Débito,2959,57457.081799152984,2.4403007813483146,1402.1256160846706,56054.956183068316,4.0
2024-01-28,Biobío,Ropa,E-commerce,5,6211.432104960093,Efectivo,1328,31057.160524800463,1.0437294119931462,324.1527189272674,30733.007805873196,3.0
2024-03-28,Metropolitana,Electrónica,E-commerce,8,78947.83650045708,Efectivo,3697,631582.6920036566,5.0024087451786645,31594.34781782575,599988.3441858309,3.0
2024-04-07,Metropolitana,Alimentos,Tienda Física,1,30231.51496233801,Transferencia,2578,30231.51496233801,0.0,0.0,30231.51496233801,5.0
2024-04-20,Valparaíso,Alimentos,Tienda Física,3,57938.61843361185,Tarjeta Débito,2055,173815.85530083557,14.312666274013377,24877.683300530585,148938.17200030497,1.0
2024-03-24,Valparaíso,Ropa,E-commerce,1,97693.1180612976,Efectivo,3316,97693.1180612976,2.078305007502246,2030.360964653029,95662.75709664458,2.0
2024-08-02,Antofagasta,Electrónica,Tienda Física,6,115310.09971610775,Efectivo,2080,691860.5982966465,11.683607021173941,80834.27343932303,611026.3248573234,2.0
2024-01-02,Antofagasta,Ropa,Telefónico,1,104403.09998158038,Transferencia,4015,104403.09998158038,8.11041705056984,8467.526822229573,95935.57315935081,5.0
2024-12-20,Biobío,Hogar,Tienda Física,9,113514.41116708647,Tarjeta Débito,2685,1021629.7005037782,12.518762443691909,127895.3952602691,893734.3052435091,4.0
2024-04-03,Araucanía,Electrónica,Tienda Física,3,107378.42662251447,Transferencia,2392,322135.2798675434,10.090034454826181,32503.560729785873,289631.7191377575,4.0
2024-08-13,Metropolitana,Electrónica,E-commerce,7,41756.5942222926,Tarjeta Crédito,2923,292296.1595560482,10.648183139601972,31124.230379551205,261171.929176497,5.0
2024-06-29,Valparaíso,Ropa,E-commerce,2,138611.37175139692,Transferencia,2614,277222.74350279383,14.486561577065649,40160.04344316299,237062.70005963085,1.0
